firm_name,publication_number,title,filing_date,filing_year,inventor
BAYKAR,TR2024000969A2,Çoklu ti̇p parça döndürme maki̇nesi̇,2024-01-26,2024,Ltd
BAYKAR,TR201601732A2,Üç Yedekli Uçuş Kontrol Sistemi,2016-02-10,2016,Anonim
STM,TR201809643T4,Hassas konum belirleme yöntemi (INS ve radar altimetre seyrüsefer),2015-12-25,2015,Çak Serkan
STM,TR201000065A2,Yüzey açıklıklarında akış kaynaklı rezonans sönümleyici kabin (Denizaltı akustik sönümleme),2010-01-06,2010,Çevik Fatih
STM,TR201820834A2,Sürü formasyon kontrol sistemi ve yöntemi (Taktik Vurucu İHA Sürü Zekâsı),2018-12-28,2018,STM Ar-Ge Ekibi
STM,TR200910122A2,Dikey rüzgâr tüneli hava değişim menfezi (Aerodinamik test altyapısı),2009-12-31,2009,Çevik Fatih
STM,US10353079B2,Precise positioning method (3D GPS-denied autonomous navigation),2015-12-25,2015,Soysal Gökhan
ROKETSAN,TR201722260A2,Kanat katlama mekanizması.,2017-12-27,2017,A
ROKETSAN,TR202009221A1,Omuzdan atilan mühi̇mmatlarin atici personele olan etki̇si̇ni̇ beli̇rlemeye …,2020-06-15,2020,Anonim
ROKETSAN,TR202008781A2,Bi̇r mi̇nyatür güdümlü füze i̇çi̇n bi̇r kontrol tahri̇k terti̇bati,2020-06-08,2020,Anonim
ROKETSAN,TR202015702A1,Nano boyutta malzemeli yerinde sentezlenen polimetakrilimit (pmı) köpük ve …,2020-10-02,2020,Anonim
ROKETSAN,TR201920968A1,Kani̇ster i̇çi̇ katlanabi̇li̇r füze sabi̇tleme mekani̇zmasi,2019-12-20,2019,Anonim
ROKETSAN,TR202008779A1,Mi̇nyatür lazer güdümlü füze si̇stemleri̇ i̇çi̇n yari akti̇f lazer arayici …,2020-06-08,2020,Anonim
ROKETSAN,TR2022009916A2,Si̇li̇ka/si̇li̇ka serami̇k matri̇sli̇ kompozi̇t malzeme üreti̇mi̇,2022-06-15,2022,Anonim
ROKETSAN,TR201914765A2,Lazer kaynakli bir sualti konum tespi̇t terti̇bati ve metodu,2019-09-27,2019,A
ROKETSAN,TR201910985A2,Kani̇ster kapaği,2019-07-23,2019,A
ROKETSAN,TR202008782A2,Düşük enerji̇li̇ elektroni̇k emni̇yet kurma ve ateşleme si̇stemi̇,2020-06-08,2020,Anonim
ROKETSAN,TR202009215A1,Dağitik sürüler hali̇nde hedefe güdülen mi̇nyatür füze si̇stemi̇,2020-06-15,2020,Anonim
ROKETSAN,TR2021014965A2,Su alti si̇stemleri̇ i̇çi̇n çeki̇li̇ haberleşme ve gözlem araci,2021-09-24,2021,Anonim
ROKETSAN,TR202100234A1,Bi̇r göbekbaği konektörü çekme mekani̇zmasi,2021-01-08,2021,Anonim
ROKETSAN,TR202019076A2,Çoklu bakış açıları,2020-11-26,2020,Anonim
ROKETSAN,TR2023006339A1,Dönülü mühi̇mmatlar i̇çi̇n yuvarlanma açisi kesti̇ri̇mi̇ yapabi̇len kizilötesi̇ …,2023-05-31,2023,Anoni̇m
ROKETSAN,TR2023006127A1,Erişim Kısıtı Bulunan Kanister ? Platform Arayüz Bağlantıları İçin Cıvatalı Bir …,2023-05-29,2023,Anoni̇m
ROKETSAN,TR2023004749A2,Tersi̇ne çevri̇lebi̇li̇r bi̇r güvenli̇k ve kurma ci̇hazi,2023-04-28,2023,Anoni̇m
ROKETSAN,TR2022013773A2,Pi̇ezoelektri̇k malzemelerde doğrusal olmayan di̇rengenli̇ği̇ arttiran ti̇treşi …,2022-09-05,2022,Anonim
ROKETSAN,TR2022013399A1,Lazer güdümlü füze si̇stemleri̇nde hedefi̇n sürü hali̇nde i̇mha edi̇lmesi̇ni̇ …,2022-08-26,2022,Anoni̇m
ROKETSAN,TR2022013268A1,Hi̇drofobi̇k pi̇rotekni̇k malzemeler ve bu malzemeleri̇n hazirlama yöntemi̇,2022-08-23,2022,Anoni̇m
ROKETSAN,TR2022013269A1,Mi̇kro kavi̇tasyonlu ventüri̇ ve üreti̇m yöntemi̇,2022-08-23,2022,Anoni̇m
ROKETSAN,TR2022012677A1,Kaba ve hassas ayar yapilabi̇len opti̇k hi̇zalama ve kali̇brasyon eki̇pmani,2022-08-11,2022,Anoni̇m
ROKETSAN,TR2022011757A1,Kuvars sarkaçli i̇vmeölçer plaka bobi̇n komplesi̇ elektri̇ksel deneti̇m aparati,2022-07-25,2022,Anoni̇m
ROKETSAN,TR2022011033A2,Enerji̇k malzemeleri̇n kokri̇stali̇zasyon yöntemi̇,2022-07-04,2022,Anonim
ROKETSAN,TR2022010402A1,Akti̇f zafi̇yet anali̇z si̇stemi̇,2022-06-22,2022,Anoni̇m
ROKETSAN,TR2022009885A1,Uyarlamali yörünge tasarimi i̇le ataletsel navi̇gasyon performansini eni̇yi̇ …,2022-06-14,2022,Anoni̇m
ROKETSAN,TR2021003345A2,Tek eksenli̇ yuvarlanma açi ölçüm ci̇hazi ve yöntemi̇,2021-02-26,2021,Anonim
ROKETSAN,TR202101058A1,Bi̇r pi̇m çekme mekani̇zmasi anahtari,2021-01-25,2021,Anonim
ROKETSAN,TR2024004298A1,Stati̇k ateşleme rampasi i̇çi̇n geli̇şti̇ri̇lmi̇ş hareketli̇ eklemler,2024-04-05,2024,Anoni̇m
ROKETSAN,TR202019925A2,Çevresel koşullardan enerji̇ hasadi yapabi̇len tapa si̇stemi̇,2020-12-07,2020,Anonim
ROKETSAN,TR202019531A1,Modüler ve yeni̇den uyumlandirilabi̇li̇r bi̇r elektromekani̇k kontrol si̇stemi̇ …,2020-12-02,2020,Anonim
ROKETSAN,TR202019074A2,Üç dalga boyunda çalişan arayici başlik,2020-11-26,2020,Anonim
ROKETSAN,TR202019434A2,Ataletsel ölçüm sistemleri için kauçuk pul şeklinde titreşim sönümleyici …,2020-12-01,2020,Anonim
ROKETSAN,TR202019388A1,Li̇neer hareketli̇ mühi̇mmat taşima askisi,2020-12-01,2020,Anonim
ROKETSAN,TR202019073A1,Ataletsel ölçüm si̇stemleri̇ i̇çi̇n açili ti̇treşi̇m sönümleyi̇ci̇ yerleşi̇mi̇ …,2020-11-26,2020,Anonim
ROKETSAN,TR2023006649A2,Katlanabi̇li̇r kontrol yüzey mekani̇zmasi,2023-06-07,2023,Anoni̇m
ROKETSAN,TR202010219A1,Di̇k atişli firlatma si̇stemleri̇ i̇çi̇n mekani̇k mekani̇zmali açilir kapanir …,2020-06-29,2020,Anonim
ROKETSAN,TR202016378A2,Başlatici gaz yayi,2020-10-14,2020,Anonim
ROKETSAN,TR202015680A2,Servovalf tork motoru armatür komplesi̇ni̇n doğrulama test düzeneği̇,2020-10-02,2020,Anonim
ROKETSAN,TR202015659A2,Nano ve/veya mi̇kro parçacik i̇çeren reçi̇ne i̇le fi̇laman sargi yöntemi̇ ve bu …,2020-10-01,2020,Anonim
ROKETSAN,TR202014693A2,Ki̇li̇tleme elemani i̇çeren katlanir kanat terti̇batina sahi̇p bi̇r roket,2020-09-16,2020,Anonim
ROKETSAN,TR202013182A2,Dönü yalitimli rulman komplesi̇,2020-08-20,2020,Anonim
ROKETSAN,TR202013188A1,Isitilmiş bi̇r plaka veya deklanşör olmadan tek nokta eşi̇tsi̇zli̇k düzeltmesi̇ …,2020-08-20,2020,Anonim
ROKETSAN,TR202013126A2,Mi̇krodalga alti̇metreli̇ algilayici si̇stemi̇ ve yöntemi̇,2020-08-19,2020,Anonim
ROKETSAN,TR202009608A1,Roket i̇tki̇li̇ mühi̇mmat i̇çi̇n lüle koruma si̇stemi̇,2020-06-20,2020,Anonim
ROKETSAN,TR202010152A2,Elektroni̇k kartlar i̇çi̇n termal karakteri̇zasyon ci̇hazi,2020-06-29,2020,Anonim
ROKETSAN,TR202008783A1,Hi̇bri̇t tehdi̇tler i̇çi̇n lazer güdümlü mi̇nyatür füze si̇stemi̇,2020-06-08,2020,Anonim
ROKETSAN,TR202008784A1,Bombaatardan atilan lazer güdümlü mi̇nyatür füze si̇stemi̇,2020-06-08,2020,Anonim
ROKETSAN,TR202000771A1,Çok namlulu roketatar i̇çi̇n bi̇r firlatma podu ve bunun üreti̇m metodu,2020-01-17,2020,Anoni̇m
ROKETSAN,TR201921792A1,Kani̇ster - mühi̇mmat arayüzü i̇çi̇n küresel basma yüzeyi̇ne sahi̇p bi̇r civata …,2019-12-26,2019,Anonim
ROKETSAN,TR201920678A2,Bi̇r roket motoru i̇çi̇n i̇tki̇ vektörü kontrol mekani̇zmasi,2019-12-18,2019,Anonim
ROKETSAN,TR2025000126A1,Su alti araçlar i̇çi̇n atici platformdan çikiş algilama si̇stemi̇ ve yöntemi̇,2025-01-06,2025,Anoni̇m
ROKETSAN,TR202020412A2,Kademeli̇ menzi̇l düzelti̇m mekani̇zmasi,2020-12-14,2020,Anonim
ROKETSAN,TR2021003338A2,Üç eksenli̇ açi ölçüm ci̇hazi ve yöntemi̇,2021-02-26,2021,Anonim
ROKETSAN,TR2021006419A2,Yüksek aşindirici reji̇mde çalişan kati yakitli roket motor gövde yalitimi i̇çi …,2021-04-12,2021,Anonim
ROKETSAN,TR2024004300A2,Bi̇r modüler/taşinabi̇li̇r lüle taşiyici si̇stemi̇,2024-04-05,2024,Anoni̇m
ROKETSAN,TR201918742A1,Aerodi̇nami̇k isinmaya karşi aşinarak dayanim sağlayan düşük termal i̇letkenli̇ …,2019-11-29,2019,Anoni̇m
ROKETSAN,TR202100400A1,Çoklu fonksi̇yon kontrolü i̇çi̇n çalişma basinci ayarlanabi̇len hi̇droli̇k si̇ …,2021-01-12,2021,Anonim
ROKETSAN,TR2024006684U4,Şeki̇l hafizali alaşim kullanan tutma pi̇mli̇ ki̇li̇t açma mekani̇zmasi,2024-05-29,2024,Anonim
ROKETSAN,TR2023001752A2,Amfi̇bi̇ torpi̇do kovani,2023-02-15,2023,Anonim
ROKETSAN,TR2025014139A2,Füze kontrol tahrik sistemi yüksek sıcaklık bölgelerinin peltier modülleri ile …,2025-09-29,2025,Anonim
ROKETSAN,TR2025000419A2,Alev dayanimli dökülebi̇li̇r formda kaplama malzemesi̇,2025-01-15,2025,Anonim
ROKETSAN,TR2021020527A1,Yaprak patlayici üreti̇m si̇stemi̇,2021-12-21,2021,Anonim
ROKETSAN,TR2025000503A2,Si̇ber i̇sti̇la savici kuantum güvenli̇k bi̇lgi̇sayari si̇stemi̇,2025-01-16,2025,Anonim
ROKETSAN,TR2021016086A2,Kati yakitli roket motorlarinin i̇ç çap boşluğundaki̇ çap deği̇şi̇mi̇ i̇çi̇n …,2021-10-15,2021,Anonim
ROKETSAN,TR2021015965U5,Isi borulari i̇çi̇n termal karakteri̇zasyon ve test ci̇hazi,2021-10-13,2021,Anonim
ROKETSAN,TR2025002303A1,Modüler zirhli kule si̇stemi̇,2025-02-25,2025,Anoni̇m
ROKETSAN,TR2021013890A1,Örgü yapiya sahi̇p gövde ve sensör bloğu i̇çeren ataletsel ölçüm bi̇ri̇mi̇,2021-09-03,2021,Anonim
ROKETSAN,TR2025010986A2,Sivi yakitli roket motorlarinda mani̇fold emi̇şli̇ rulman yağlama/soğutma hatti …,2025-08-06,2025,Anonim
ROKETSAN,TR2025008472A2,Önde vektörel i̇ti̇ci̇li̇ su alti araci si̇stemi̇,2025-06-25,2025,Anonim
ROKETSAN,TR2023017736A1,Güveni̇li̇r gömülü yazilim dağitim si̇stemi̇ ve yöntemi̇,2023-12-20,2023,Anonim
ROKETSAN,TR2025008997A2,Reçi̇ne emdi̇ri̇lmi̇ş kirpilmiş elyaf üreti̇m metodu,2025-07-03,2025,Anonim
ROKETSAN,TR2021013781U4,Mekani̇k durdurucuya sahi̇p esnek civata,2021-09-02,2021,Anonim
ROKETSAN,TR2025013192A2,Akımsız kaplama ile kompozit nikel esaslı vakum sert lehimleme alaşım tozu …,2025-09-12,2025,Anonim
ROKETSAN,TR201312579U,Dik atışlı fırlatma sistemleri için açılır kapanır deflektör.,2013-10-31,2013,A
ROKETSAN,TR2025002787A2,Patarnatör ve ölçüm yöntemi̇,2025-03-07,2025,Anonim
ROKETSAN,TR2021011311U5,Kani̇ster ki̇li̇t bütünü,2021-07-12,2021,Anonim
ROKETSAN,TR201914768A2,Firlatma araci i̇çi̇n ti̇treşi̇m i̇zolatörü,2019-09-27,2019,A
ROKETSAN,TR201916540A2,Kati yakitli roket i̇çi̇n epdm matri̇sli̇ ablati̇f termal yalitim malzemesi̇ ve …,2019-10-25,2019,A
ROKETSAN,TR2021005283U4,Yay ve pi̇n i̇le atermal pri̇zma yerleşi̇mi̇,2021-03-23,2021,Anonim
ROKETSAN,TR2025000110A2,Yapisal parçalarda kullanilmak üzere elektroşeki̇llendi̇rme yöntemi̇ i̇le bi̇r …,2025-01-06,2025,Anonim
ROKETSAN,TR2025000418A1,"Mühi̇mmat yükleme, ki̇li̇tleme ve kurma mekani̇zmasi",2025-01-15,2025,Anonim
ROKETSAN,TR202012403A1,Torpi̇do karşi tedbi̇r aği ve ağ yerleşti̇rme si̇stemi̇,2020-08-07,2020,Anonim
ROKETSAN,TR2021017258A2,Li̇tyum bor alaşimi granülleri̇nden bi̇r i̇nce tablet üreti̇m yöntemi̇,2021-11-05,2021,Anonim
ROKETSAN,TR2025010851A2,Sivi yakitli roket motorlarinda patlama di̇skli̇ türbi̇n gi̇ri̇ş gövdesi̇,2025-08-04,2025,Anonim
ROKETSAN,TR202011851A1,Kapali ortam kontrollü isitma test ci̇hazi,2020-07-27,2020,Anonim
ROKETSAN,TR2021019528A2,Sönümleyi̇ci̇ pi̇stonlu opti̇k eki̇pman,2021-12-09,2021,Anonim
ROKETSAN,TR2024017365A1,Bi̇r dönülü hava aliği test düzeneği̇ ve veri̇ saklama si̇stemi̇,2024-12-02,2024,Anonim
ROKETSAN,TR2025012567A2,Telemetre/telemetri̇ çoklu yayin topoloji̇si̇,2025-09-03,2025,Anonim
ROKETSAN,TR201401478A2,Kızıl ötesi arayıcı başlığa sahip füze sistemleri için ısıl hedef sistemi.,2014-02-10,2014,A
ROKETSAN,TR2021004551U4,Esnek civatalar i̇le atermal pri̇zma yerleşi̇mi̇,2021-03-10,2021,Anonim
ROKETSAN,TR201800789A2,Zırh Sistemi,2018-01-19,2018,A
ROKETSAN,TR2021006490U4,Kanat ki̇li̇tleme mekani̇zmasi,2021-04-13,2021,Anonim
ROKETSAN,TR2021021607A2,Hassasi̇yeti̇ azaltilmiş preslenebi̇li̇r patlayici formülasyonu ve bunun üreti̇ …,2021-12-29,2021,Anonim
ROKETSAN,TR201304956A2,İki eksende atış yapabilen 107mm ve 122mm çok namlulu roketatar kundağı.,2013-04-11,2013,A
ROKETSAN,TR2022001289A1,Detonasyon aktarim modülü ve çalişma yöntemi̇,2022-02-01,2022,Anonim
ROKETSAN,TR2024016478A2,Düşük debi̇li̇ ? düşük basinç kayipli ve boğaz profi̇li̇ düzensi̇zli̇ği̇nden …,2024-11-21,2024,Anonim
ROKETSAN,TR2024011335A1,Bi̇r arayici başlik i̇çi̇n kamera kali̇brasyon si̇stemi̇,2024-08-28,2024,Anonim
ROKETSAN,TR2022003476U4,Roket gövdeleri̇ i̇çi̇n tek yönlü basinç dengeleme valfi̇,2022-03-08,2022,Anonim
ROKETSAN,TR2024012598A1,Basinca bağli çoklu bakiş açisi (fov) deği̇şi̇mi̇,2024-09-23,2024,Anonim
ROKETSAN,TR2023015413A1,"Boşluksuz, geri̇ çekmeli̇ kesme pi̇mli̇ kanat ki̇li̇tleme yapilanmasi",2023-11-21,2023,Anonim
ROKETSAN,TR2022006326A1,Ani̇ basinç yükselmesi̇nde atik gaz tahli̇yesi̇ne i̇mkân taniyan tahli̇ye …,2022-04-20,2022,Anonim
ROKETSAN,TR2024015280A2,Piroliz benzininden disiklopentadien üretimi için bir yöntem.,2024-11-06,2024,Anonim
ROKETSAN,TR2024007973A1,Yetki̇nli̇k bazli endüstri̇yel tezgâh çaliştirma ve koruma si̇stemi̇,2024-06-24,2024,Anonim
ROKETSAN,TR2024009250A2,Fpga tabanli hata tespi̇t ve siniflandirma si̇stemi̇ ve yöntemi̇,2024-07-17,2024,Anonim
ROKETSAN,TR2024009412A1,Pan-ti̇lt/gi̇mbal kule hareketi̇yle açilip kapanan opti̇k açiklik koruma si̇ …,2024-07-22,2024,Anonim
ROKETSAN,TR2024006807A1,Gerçek zamanli parça taki̇p si̇stemi̇,2024-05-30,2024,Anonim
ROKETSAN,TR2024006903A1,Kapali kaplardaki̇ vakum basincini pi̇ezoelektri̇k metodu i̇le ölçen bi̇r si̇ …,2024-05-31,2024,Anonim
ROKETSAN,TR2024004297A2,Beş serbestli̇k dereceli̇ ve sevk si̇stemi̇ni̇ askida tutan stati̇k ateşleme …,2024-04-05,2024,Anonim
ROKETSAN,TR2024008087A2,Kati yakitli roket motoru kompozi̇t gövde üreti̇mi̇ i̇çi̇n sökülebi̇li̇r …,2024-06-26,2024,Anonim
ROKETSAN,TR2024004656A1,Farkli platformlara entegre edi̇lecek ürünler i̇çi̇n modüler arayüz üni̇tesi̇,2024-04-18,2024,Anonim
ROKETSAN,TR2021015789A2,Tek nokta düzgün dağilmama düzeltmesi̇ni̇n taşinmasi si̇stemi̇ ve yöntemi̇,2021-10-11,2021,Anonim
ROKETSAN,TR2024001855A1,Si̇li̇syum karbür esasli serami̇kleri̇n segrege ağ yapilari i̇le termoelektri̇k …,2024-02-16,2024,Anonim
ROKETSAN,TR2024001893A1,İki̇ parçali torsi̇yon bari,2024-02-16,2024,Anonim
ROKETSAN,TR2024001683A1,Topçu mühi̇mmatlarinda kullanilan tapa si̇stemleri̇ i̇çi̇n elektromekani̇k emni …,2024-02-13,2024,Anonim
ROKETSAN,TR2021019269U4,Tekrarlanabi̇li̇r pozi̇syonlamaya i̇zi̇n veren fi̇kstür,2021-12-07,2021,Anonim
ROKETSAN,TR2024001891A1,İki̇ eksende katlanan kanat mekani̇zmasi,2024-02-16,2024,Anonim
ROKETSAN,TR2024001186A1,Füze destek elemanlari / sabotlar i̇çi̇n yay kovani,2024-02-01,2024,Anonim
ROKETSAN,TR2024001730A1,Torpi̇do atiş eki̇pmanina i̇li̇şi̇k su alti di̇nleme si̇stemi̇,2024-02-14,2024,Anonim
ROKETSAN,TR2024006271A1,Yük kapasi̇tesi̇ bazli düzensi̇zli̇k düzeltmesi̇ metodu,2024-05-21,2024,Anonim
ROKETSAN,TR2023018293A2,Lazer güdümlü füze si̇stemleri̇ i̇çi̇n yaklaşma algilayicili yari akti̇f lazer …,2023-12-25,2023,Anonim
ROKETSAN,TR2022009849A2,Rotasyon yönünü peri̇yodi̇k olarak deği̇şti̇rebi̇len gi̇rdapli akiş üreten ci̇ …,2022-06-14,2022,Anonim
ROKETSAN,TR201914567A2,Di̇rengenli̇ği̇ ayarlanabi̇li̇r ti̇treşi̇m sönümleyi̇ci̇ terti̇bati,2019-09-25,2019,A
ROKETSAN,TR2023017416A1,Çevresel di̇nami̇kler yardimi i̇le akti̇ve olan tapa elektroni̇k güç kontrol …,2023-12-15,2023,Anonim
ROKETSAN,TR2024001185A1,Kayar ti̇p füze destek elemani / sabot,2024-02-01,2024,Anonim
ROKETSAN,TR202015270A2,Araçların akışkan ortamlar içinde hassas yönelimini sağlamak için akıllı …,2020-09-25,2020,Anonim
ROKETSAN,TR2024001184A2,Arabali füze destek elemani / sabot,2024-02-01,2024,Anonim
ROKETSAN,TR2023017412A1,Hava araçlarinda gi̇rdap kaynakli ti̇treşi̇m yöntemi̇ kullanilarak elektri̇k …,2023-12-15,2023,Anonim
ROKETSAN,TR2023010748A1,ÇOK KATMANLI FONKSİYONEL GEÇİŞLİ KAPLAMA ve ÜRETİM YÖNTEMİ,2023-09-01,2023,Anonim
ROKETSAN,TR2023004708A2,Çeli̇k sarmal halat ti̇pi̇ sönümleme elemanlarinin karakteri̇zasyonu i̇çi̇n …,2023-04-27,2023,Anonim
ROKETSAN,TR2023009959A2,Füze ve güdümlü mühi̇mmatlar i̇çi̇n kontrol yüzeyi̇ ki̇li̇t mekani̇zmasi,2023-08-17,2023,Anonim
ROKETSAN,TR2023004871A2,Rotor akti̇vasyon mekani̇zmasi,2023-05-02,2023,Anonim
ROKETSAN,TR2023004122A1,Çoklu sayida sensör i̇çeren bi̇r dönü ölçer terti̇bati,2023-04-13,2023,Anonim
ROKETSAN,TR2023002251A1,Çoklu bakiş açilari i̇çeren opti̇k si̇stem,2023-03-01,2023,Anonim
ROKETSAN,TR2023003739A2,Çeli̇k sarmal halat ti̇pi̇ sönümleme elemanlarina sahi̇p bi̇r kani̇ster taşima …,2023-04-05,2023,Anonim
ROKETSAN,TR2023001664A1,Yüksek saflikta jet propellant-10 jet yakiti eldesi̇nde kullanilmak üzere bi̇r …,2023-02-14,2023,Anonim
ROKETSAN,TR2023001524A2,Izgara kanatçik açilma mekani̇zmasi,2023-02-09,2023,Anonim
ROKETSAN,TR2023002606U4,Bi̇r kablo test si̇stemi̇ i̇çi̇n bi̇r kablo tutucu,2023-03-09,2023,Anonim
ROKETSAN,TR2022018776A1,Halka lazer dönü ölçerlerde cam gövde temi̇zli̇k i̇şlemi̇nde isitma ve soğutma …,2022-12-07,2022,Anonim
ROKETSAN,TR2022017902A2,Refrakter metal ve alaşimlarinin farkli metallerle bi̇rleşti̇ri̇lmesi̇ i̇çi̇n …,2022-11-25,2022,Anonim
ROKETSAN,TR2022002456U4,Sivi yakitli roket motoru stati̇k ateşleme test düzeneği̇ üzeri̇nde alti …,2022-02-23,2022,Anonim
ROKETSAN,TR2022015968A1,Lazer kodu i̇le hedef ti̇pi̇ seçi̇m si̇stemi̇ ve yöntemi̇,2022-10-20,2022,Anonim
ROKETSAN,TR2022014253A1,Dönü stabi̇li̇ze topçu mühi̇mmatlarinin vuruş hassasi̇yeti̇ni̇n artirilmasi i̇ …,2022-09-15,2022,Anonim
ROKETSAN,TR2023003373A1,Araç üstü eki̇pmanlari ve i̇ş maki̇nalarinda kullanilan hi̇droli̇k sevi̇yeleme/ …,2023-03-28,2023,Anonim
ROKETSAN,TR2025014466A2,İç radyus ölçüm mastari,2025-10-03,2025,Anonim
ROKETSAN,TR2022009550A2,Buzlanma önleyi̇ci̇ özelli̇ğe sahi̇p kompozi̇t kri̇yojeni̇k tank,2022-06-09,2022,Anonim
ROKETSAN,TR201914675A2,Serbest-serbest sinir koşullarinda ayarlanabi̇len di̇rengenli̇ğe sahi̇p bi̇r …,2019-09-26,2019,A
ROKETSAN,TR2022005722A2,Çanta formunda i̇ki̇nci̇l etki̇leri̇ azaltilmiş modüler patlayici tepki̇meli̇ …,2022-04-11,2022,Anonim
ROKETSAN,TR2024007974A1,Firlaticida şarj edi̇len enerji̇ kaynaği kullanan füze,2024-06-24,2024,Anonim
ROKETSAN,TR2021021949A1,Farkli metal alaşimlarinin hi̇bri̇t bi̇rleşti̇rme yöntemleri̇ i̇le hermeti̇k …,2021-12-30,2021,Anonim
ROKETSAN,TR2022008668A1,Mesafe ölçümü destekli̇ uçuş si̇mülasyonu tabanli navi̇gasyon yöntemi̇,2022-05-27,2022,Anonim
ROKETSAN,TR2023013199A2,Dişbükey geometri̇ye sahi̇p i̇ç gövdeli̇ parçacik tesi̇rli̇ harp başliği,2023-10-17,2023,Anonim
ROKETSAN,TR2023005761A1,Açilir kanat ki̇li̇tleme mekani̇zmasi,2023-05-22,2023,Anonim
ROKETSAN,TR2022002865A2,Yildiz tarama si̇stemi̇ ve yöntemi̇,2022-02-28,2022,Anonim
ROKETSAN,TR2022014252A2,Farkli kaynaklardan gelen ölçüm ve veri̇leri̇ bi̇rleşti̇rme si̇stemi̇ ve …,2022-09-15,2022,Anonim
ROKETSAN,TR2024001921A2,"Kirma pi̇mli̇, şeki̇l bellek hafiza eylemeli̇ gaz yayi",2024-02-19,2024,Anonim
ROKETSAN,TR2022007809A2,Kapali döngü çalişan fi̇ber opti̇k dönüölçerlerde si̇nyal gürültü orani eni̇yi̇ …,2022-05-13,2022,Anonim
ROKETSAN,TR2022008667A1,Küresel konumlandirma si̇stemi̇ destekli̇ uçuş si̇mülasyonu tabanli navi̇gasyon …,2022-05-27,2022,Anonim
HAVELSAN,TR2022002511A2,İnsansiz kara araçlari i̇çi̇n otonom palet gergi̇ mekani̇zmasi ve çalişma …,2022-02-23,2022,Anoni̇m
HAVELSAN,TR201922659A1,5g ve ötesi̇ ağ yapilari i̇çi̇n güvenli̇ bölge opti̇mi̇zasyonu bazli deri̇n …,2019-12-30,2019,Anonim
HAVELSAN,TR202104311A2,5g ve ötesi̇ ağlarda sanal ağ gömme problemi̇ni̇n çoklu fi̇zi̇ksel ağ yapisini …,2021-03-05,2021,Anonim
HAVELSAN,TR2023003176A2,Taşinabi̇li̇r ci̇hazlarda açi ölçen sensörleri̇n (imu) yüksekli̇k modeli̇ hari̇ …,2023-03-23,2023,Anonim
HAVELSAN,TR201812156A2,Plaka tanima si̇stemi̇ kamera görüntüleri̇ kullanilarak ön koltuk yolcu kapasi̇ …,2018-08-27,2018,Anonim
HAVELSAN,TR201808941A2,Plaka tanima si̇stemi̇ kamera görüntüleri̇ kullanilarak emni̇yet kemer i̇hlal …,2018-06-25,2018,Anonim
HAVELSAN,TR201723113A2,Havadan çekilen görüntüler vasıtasıyla kenevir benzeri narkotik bitkinin …,2017-12-29,2017,Anonim
HAVELSAN,TR2021020173A2,Ptz kameralarin kali̇brasyon ve yöneti̇m yöntemi̇,2021-12-16,2021,Anonim
HAVELSAN,TR202021699A2,5g ve ötesi̇ ağlarda ağ di̇li̇mleme i̇çi̇n kaynak atama i̇çi̇n bi̇r yöntem,2020-12-25,2020,A
HAVELSAN,TR201723107A2,Havadan çekilen görüntüler vasıtasıyla haşhaş benzeri narkotik bitkinin …,2017-12-29,2017,Anonim
HAVELSAN,TR201604477A2,Aviyonik test sunucusu,2016-04-06,2016,Anonim
HAVELSAN,TR201608513A2,Görüntülü mühimmat ve lazer değerlendirme sistemi,2016-06-21,2016,Anonim
HAVELSAN,TR2021021757A2,İnsansiz kara araçlari i̇çi̇n taki̇p mekani̇zmasi,2021-12-30,2021,Anonim
HAVELSAN,TR2021014085A2,Tecrübe i̇le sürekli̇ öğrenen otonom sanal si̇mülatör varliklari,2021-09-08,2021,A
HAVELSAN,TR2022004897A1,Di̇ji̇tal görüntü üzeri̇ndeki̇ nesneleri̇n hi̇bri̇tleşti̇ri̇lmi̇ş resnet ve …,2022-03-30,2022,Anonim
HAVELSAN,TR201722570A2,Doğrusal fi̇ltre kaydirmali hi̇perspektral-multi̇spektral kamera,2017-12-28,2017,A
HAVELSAN,TR2021016506A2,Uçan araba trafi̇k yöneti̇m bi̇lgi̇ si̇stemi̇,2021-10-22,2021,Anoni̇m
HAVELSAN,TR202021592A2,Askeri̇ eki̇pmanlarin mobi̇l üreti̇mi̇ i̇çi̇n bi̇r yöntem,2020-12-24,2020,A
HAVELSAN,TR201922850A1,Araçtan bağimsiz hapti̇k arayüzü,2019-12-31,2019,Anonim
HAVELSAN,TR202100887A1,İnsansiz kara araçlari i̇çi̇n palet gergi̇ mekani̇zmasi,2021-01-21,2021,A
HAVELSAN,TR202022704A1,Araçlarda yağ anali̇zi̇ i̇çi̇n bi̇r si̇stem,2020-12-31,2020,A
HAVELSAN,TR202022726A2,İnsansiz hava ve kara araçlarindan oluşan karma sürülerle yapay zekâ tabanli …,2020-12-31,2020,A
HAVELSAN,TR202022706A1,Mi̇cro mems tabanli yağ anali̇zi̇ sensör si̇stemi̇,2020-12-31,2020,A
HAVELSAN,TR202021733A1,Deni̇z platformlarinda si̇nti̇ne suyu anali̇zi̇ tabanli bi̇r bakim anali̇z si̇ …,2020-12-25,2020,A
HAVELSAN,TR202021707A1,Enerji̇ hatlarinda i̇ha i̇le kaçak enerji̇ tespi̇ti̇ i̇çi̇n bi̇r si̇stem ve …,2020-12-25,2020,A
HAVELSAN,TR202021717A1,Rgb kamera görüntüleri̇nden kenevi̇r tespi̇ti̇ i̇çi̇n deri̇n öğrenme temelli̇ …,2020-12-25,2020,A
HAVELSAN,TR202021631A1,Mühi̇mmat depolama ve bakimi i̇çi̇n bi̇r sensör si̇stemi̇,2020-12-24,2020,A
HAVELSAN,TR202021704A1,5g ve ötesi̇ ağ yapilarinda kullanicidan kullaniciya önbellekleme i̇çi̇n bi̇r …,2020-12-25,2020,A
HAVELSAN,TR202021653A1,Parmak tabanli elektroni̇k anahtar üreti̇mi̇ i̇çi̇n bi̇r yöntem,2020-12-24,2020,A
HAVELSAN,TR202021620A1,Askeri̇ mobi̇l çevi̇k eklemeli̇ üreti̇m tesi̇si̇,2020-12-24,2020,A
HAVELSAN,TR2021017056A2,Tek kameradan yöneli̇mi̇ di̇kkate alan üç boyutlu nesne tespi̇t yöntemi̇,2021-11-02,2021,A
HAVELSAN,TR202021651A1,Mühi̇mmat depolama bakim i̇zleme i̇çi̇n bi̇r yöntem,2020-12-24,2020,A
HAVELSAN,TR202012628A2,Hi̇perspektral görüntülerden sinir güvenli̇ği̇ i̇çi̇n tehdi̇t algilama si̇stemi …,2020-08-11,2020,A
HAVELSAN,TR202012599A2,Mermi̇ ti̇pi̇ne göre yapisal ömür hesabi i̇çi̇n bi̇r si̇stem,2020-08-11,2020,A
HAVELSAN,TR202012515A2,Hi̇perspektral görüntülerden hava tarama si̇stemi̇,2020-08-10,2020,A
HAVELSAN,TR202001227A2,Görüntü i̇şleme tekni̇kleri̇yle gerçek zamanli opti̇k form anlamlandirmasi i̇çi …,2020-01-28,2020,A
HAVELSAN,TR201922848A2,İkli̇mlendi̇rme kontrolü i̇çi̇n anlik kullanici terci̇hleri̇ ve kümülati̇f …,2019-12-31,2019,Anonim
HAVELSAN,TR201922853A1,Karma gerçekli̇k si̇stemleri̇ i̇çi̇n üç boyutlu yüzey hapti̇k arayüzü,2019-12-31,2019,Anonim
HAVELSAN,TR202012471A2,Hi̇perspektral görüntülerden güneş paneli̇ tespi̇ti̇ i̇çi̇n bi̇r si̇stem,2020-08-10,2020,A
HAVELSAN,TR201922836A2,Ntds veri̇ i̇zleme ci̇hazi,2019-12-31,2019,Anonim
HAVELSAN,TR202101257A2,Güvenli̇ ve güveni̇li̇r artirilmiş gerçekli̇k uygulamalari geli̇şti̇ri̇lmesi̇ i …,2021-01-27,2021,A
HAVELSAN,TR201922660A1,Görüntüden ki̇şi̇ eşkali̇ teşhi̇si̇ i̇çi̇n bi̇r yöntem,2019-12-30,2019,A
HAVELSAN,TR201922842A2,Bi̇r radar fi̇ltreleme ve yayinlama düzeneği̇,2019-12-31,2019,Anonim
HAVELSAN,TR201001873U,Gerçek silah sisteminin radar yayınını emüle eden radar yayın cihaz yapılanması …,2010-03-11,2010,Anoni̇m
HAVELSAN,TR201908414A2,Ni̇teli̇k tabanli siniflandiricilar i̇le yapay zeka tabanli eşkal tespi̇ti̇ …,2019-05-31,2019,Anonim
HAVELSAN,TR201002069A2,Elektronik oy pusulası.,2010-03-18,2010,Anoni̇m
HAVELSAN,TR201108856A2,Gemi veri dağıtım sistemi.,2011-09-08,2011,Anoni̇m
HAVELSAN,TR2021021410A2,Ateşli̇ si̇lahlarin namlusuna bağlanarak kullanilan aparatlar i̇çi̇n bi̇r ki̇li …,2021-12-28,2021,A
HAVELSAN,TR2021021537A2,Torpi̇do test seti̇,2021-12-29,2021,A
HAVELSAN,TR2022010269A1,Blockchain temelli̇ sağlik/tibbi̇ rapor yöneti̇m si̇stemi̇,2022-06-21,2022,Anoni̇m
HAVELSAN,TR2022014197A2,Olay yeri̇ parmak i̇zleri̇nde poz kesti̇ri̇mi̇ne yöneli̇k bi̇r yöntem,2022-09-13,2022,Anoni̇m
HAVELSAN,TR2022015369A1,Ptz kamera görüntüleri̇ üzeri̇nde deri̇n öğrenme yöntemleri̇ i̇le kavga tespi̇ …,2022-10-07,2022,Anoni̇m
HAVELSAN,TR2022019819A2,Müzi̇k ri̇tmi̇ne ve hareket tanima algori̇tmasina dayali vi̇deo düzenleme …,2022-12-20,2022,Anoni̇m
HAVELSAN,TR2022021738A1,Gemi̇leri̇n borda numarasinin okunmasi i̇le i̇lgi̇li̇ bi̇r yöntem,2022-12-30,2022,Anoni̇m
HAVELSAN,TR2022021699A1,İnsansiz kara araçlari i̇çi̇n komuta ve kontrol yöntemi̇,2022-12-30,2022,Anoni̇m
HAVELSAN,TR2023005908A1,İnsansiz otonom si̇stemler i̇çi̇n li̇der-taki̇pçi̇ sürü kontrol yöntemi̇ ve bu …,2023-05-24,2023,Anoni̇m
HAVELSAN,TR2023006798A1,Bi̇r opti̇mal yüz tespi̇t si̇stemi̇ ve metodu,2023-06-09,2023,Anoni̇m
HAVELSAN,TR2024001077A1,Taarruz görevleri̇ i̇çi̇n kisitlar ve çoklu kri̇terler göz önünde …,2024-01-30,2024,Anoni̇m
HAVELSAN,TR201102168U,Isı Ve Nem Ölçen Veri Toplayıcı Cihaz.,2011-03-07,2011,Anoni̇m
HAVELSAN,TR201002163A2,Bir elektronik oylama sistemi ve yöntemi.,2010-03-22,2010,Anoni̇m
HAVELSAN,TR201002201A2,Bir oylama cihazı,2010-03-23,2010,Anoni̇m
HAVELSAN,TR2023011529A1,Gerçek zamanli i̇şleti̇m si̇stemi̇ olan bi̇r platformda pencereleme ve …,2023-09-15,2023,Anoni̇m
HAVELSAN,TR2022000384A2,Sürü görsel hedef füzyonu,2022-01-12,2022,Anonim
HAVELSAN,TR2022018556A1,Ptz kamera görüntüleri̇ üzeri̇nde deri̇n öğrenme yöntemleri̇ i̇le emni̇yet …,2022-12-05,2022,Anonim
HAVELSAN,TR2022015993A1,Kablolu bağlanti üzeri̇nden ci̇haz ki̇mli̇ği̇ni̇n ve parmak i̇zi̇ni̇n …,2022-10-21,2022,Anonim
HAVELSAN,TR2024014384A1,Havadan erken i̇hbar kontrol uçaği (hi̇k) ve si̇lahli/i̇nsansiz hava araci (s/i …,2024-10-22,2024,Anonim
HAVELSAN,TR2024012364A2,Deprem bölgesel yoğunluk anali̇zi̇ ve opti̇mum kurtarma atama si̇stemi̇ ve …,2024-09-17,2024,Anoni̇m
HAVELSAN,TR2024010527A1,Mobi̇l ci̇hazlar kullanilarak hava araçlarinin ve kara bi̇rli̇kleri̇ni̇n bi̇rbi …,2024-08-12,2024,Anonim
HAVELSAN,TR2022016164A2,"Parmak i̇zi̇ eşleşti̇rmeye yöneli̇k özelli̇k, skor ve sira füzyonu temelli̇ …",2022-10-25,2022,Anonim
HAVELSAN,TR2022016962A1,Görüntü üzeri̇nde nesne ve nesneni̇n konumunun tespi̇ti̇ i̇çi̇n bi̇r yöntem,2022-11-09,2022,Anonim
HAVELSAN,TR201503818A2,Kabin içi kablosuz eğlence sistemi,2015-03-27,2015,Anonim
HAVELSAN,TR201609185A2,Gerçek zamanlı analog video-Ethernet dönüştürücü cihazı,2016-06-29,2016,Anonim
HAVELSAN,TR201605250A2,Dai̇resel topoloji̇ ağ yapilanmasi,2016-04-22,2016,Anonim
HAVELSAN,TR201620465A2,Bi̇r güveni̇li̇r i̇leti̇şi̇m metodu,2016-12-31,2016,Anonim
HAVELSAN,TR2022017180A2,Ön kurulumsuz ultra geni̇ş bant tabanli i̇ki̇ referans noktali i̇ç-diş ortam …,2022-11-14,2022,Anonim
HAVELSAN,TR201616647A2,Silah ve savaş yönetim sistemleri arasındaki bir ateşleme ara yüz birimi,2016-11-17,2016,Anonim
HAVELSAN,TR201619665A3,Radar uyumlandırma birimi,2016-12-27,2016,Anonim
HAVELSAN,TR2022018222A1,İnsansiz kara araçlari i̇çi̇n gece ve gündüz i̇nsansiz hava araci tespi̇ti̇ni̇ …,2022-11-30,2022,Anonim
HAVELSAN,TR2024009949A1,Olasilik ve yansima anali̇zi̇ i̇le uçuş zamanli kamera kali̇brasyon yöntemi̇,2024-07-31,2024,Anonim
HAVELSAN,TR2024009365A1,Yazilim gereksi̇ni̇mleri̇ni̇ kali̇te faktörleri̇ ve büyük di̇l modeli̇ destekli …,2024-07-19,2024,Anonim
HAVELSAN,TR2022020994A1,Işik kaynaklarinin konum bi̇ldi̇ri̇mi̇ i̇le kameradan tespi̇t edi̇lerek …,2022-12-28,2022,Anonim
HAVELSAN,TR2023002161A1,Deri̇n öğrenme algori̇tmalarini besleyebi̇lmek i̇çi̇n senteti̇k görüntü üreti̇ …,2023-02-27,2023,Anonim
HAVELSAN,TR2023005189U4,Orta ve ağir sinif i̇nsansiz kara araçlari i̇çi̇n gpu tabanli görüntü i̇şleme …,2023-05-10,2023,Anonim
HAVELSAN,TR2023003174A1,Cep telefonu kamerasi i̇le çeki̇len fotoğrafta i̇şaretlenen noktanin …,2023-03-23,2023,Anonim
HAVELSAN,TR2023003221A2,Çok katmanli data anahtarlama donanimi,2023-03-24,2023,Anonim
HAVELSAN,TR2023019516A1,Heli̇kopter si̇mülatörleri̇ i̇çi̇n rotor freni̇ yetki̇lendi̇rme mekani̇zmasi,2023-12-29,2023,Anonim
HAVELSAN,TR2023019678A1,İnsansiz kara araçlari i̇çi̇n geri̇ bi̇ldi̇ri̇mli̇ taki̇p mekani̇zmasi,2023-12-29,2023,Anonim
HAVELSAN,TR2023005255A1,Bi̇r opti̇mal araç plaka tanima si̇stemi̇ ve metodu,2023-05-11,2023,Anonim
HAVELSAN,TR2023008829A1,Olay yeri̇ parmak i̇zi̇ görünütleri̇ni̇n otomati̇k olarak yeni̇den ölçeklendi̇ …,2023-07-26,2023,Anonim
HAVELSAN,TR2023019119A2,İnsansiz hava araçlarinin radyo frekansi kullanilarak di̇nami̇k bi̇r şeki̇lde …,2023-12-28,2023,Anonim
HAVELSAN,TR2023013301A1,Vi̇deo görüntüleri̇nde gerçek zamanli koşu tespi̇ti̇ ve taki̇bi̇ i̇çi̇n bi̇r …,2023-10-18,2023,Anonim
HAVELSAN,TR2023010155A1,Radar test si̇mülatörü kali̇brasyon yöntemi̇ ve bu yönteme uygun çalişan bi̇r …,2023-08-21,2023,Anonim
HAVELSAN,TR2023011824A1,Toplu taşima araçlarinda balikgözü mercekli̇ kameralar i̇le yoğunluk tespi̇t …,2023-09-22,2023,Anonim
HAVELSAN,TR2023018154A1,Askeri̇ ve aci̇l durum operasyon eki̇pleri̇ni̇n durumsal farkindaliği i̇çi̇n bi …,2023-12-22,2023,Anonim
HAVELSAN,TR2023011844A1,Balikgözü şoför kameralarindan trafi̇k işiği i̇hlalleri̇ni̇n otomati̇k tespi̇ti …,2023-09-22,2023,Anonim
HAVELSAN,TR2023018144A1,Ultra geni̇ş bant (ugb) destekli̇ yük tespi̇t ve konumlandirma yöntemi̇,2023-12-22,2023,Anonim
HAVELSAN,TR2023016722A1,Askeri̇ eki̇pler i̇çi̇n modüler bi̇r durumsal farkindalik si̇stemi̇,2023-12-07,2023,Anonim
HAVELSAN,TR2023013307A2,Bi̇li̇nen konumlara sahi̇p işik kaynaklarinin kameradan tespi̇t edi̇lerek …,2023-10-18,2023,Anonim
HAVELSAN,TR2023015513A1,Kamera görüntüleri̇ üzeri̇nden i̇nsansiz hava aracinin konumunu beli̇rleme …,2023-11-22,2023,Anonim
HAVELSAN,TR2023015424A1,Sabi̇t odakli kamera i̇le mesafe tahmi̇ni̇ne dayali yön bağimsiz hiz tespi̇ti̇,2023-11-21,2023,Anonim
HAVELSAN,TR202106182A2,Kapali alanlarda kullanici konumlandirma i̇çi̇n hi̇bri̇d bi̇r yöntem,2021-04-07,2021,Anonim
HAVELSAN,TR202112017A2,Az bantli görüntü i̇le eşeleme i̇zleri̇ni̇n saptanmasi,2021-07-29,2021,A
HAVELSAN,TR201908593A2,Plaka tanima si̇stemi̇ kamera görüntüleri̇ kullanilarak tütün kullanimi tespi̇ …,2019-06-11,2019,Anonim
HAVELSAN,TR201909402A2,Servi̇s yöneli̇mli̇ bi̇r artirilmiş gerçekli̇k altyapisi si̇stemi̇,2019-06-25,2019,Anonim
HAVELSAN,TR201914880A2,Kizilötesi̇ kamera görüntüleri̇nden kenevi̇r tespi̇ti̇ i̇çi̇n bi̇r yöntem,2019-09-30,2019,Anonim
HAVELSAN,TR201914870A2,Bi̇r si̇müle dürbün düzeneği̇,2019-09-30,2019,Anonim
HAVELSAN,TR201922663A2,Iff çoklu hedef tespi̇ti̇ i̇çi̇n bi̇r yöntem,2019-12-30,2019,Anonim
HAVELSAN,TR201914874A2,Karakter bölütleme bağimsiz deri̇n öğrenme tabanli plaka tanima yöntemi̇,2019-09-30,2019,Anonim
HAVELSAN,TR201922664A2,Özel bi̇rleşi̇k radar si̇nyali̇ ayriştirici,2019-12-30,2019,Anonim
HAVELSAN,TR201922845A2,Radar video işleme ve hedef tespit yöntemi,2019-12-31,2019,Anonim
HAVELSAN,TR201923022A2,Uçuş eği̇ti̇mi̇ i̇çi̇n artirilmiş gerçekli̇k i̇le desteklenmi̇ş maki̇ne …,2019-12-31,2019,Anonim
HAVELSAN,TR202102257A2,Şüpheli̇ veya çalinti araç tespi̇ti̇ i̇çi̇n deri̇n öğrenme tabanli bi̇r yöntem,2021-02-17,2021,Anonim
HAVELSAN,TR202102250A2,Deni̇zalti bütünleşi̇k torpi̇do atiş kontrol si̇stemi̇ ve bu si̇steme uygun …,2021-02-17,2021,Anonim
HAVELSAN,TR202105451A2,Di̇ji̇tal radar uyumlandirma bi̇ri̇mi̇,2021-03-25,2021,Anonim
HAVELSAN,TR201923100A2,Çoklu kullanicili si̇stemlerde poli̇ti̇ka yöne-ti̇mi̇ i̇çi̇n bi̇r yöntem,2019-12-31,2019,Anonim
HAVELSAN,TR202018659U4,Taşinabi̇li̇r hareket sensörü si̇stemi̇ (radar),2020-11-20,2020,A
HAVELSAN,TR202106597A2,Aci̇l durum eki̇pleri̇ni̇n durumsal farkindaliklarinin tespi̇ti̇ i̇çi̇n bi̇r …,2021-04-14,2021,Anonim
HAVELSAN,TR2021010639A2,Donanimsal olarak hizlandirilmiş veri̇ ayriştirma ve zengi̇nleşti̇rme i̇çi̇n bi …,2021-06-29,2021,A
HAVELSAN,TR202102256A2,Blockchain tabanli gayri̇menkul kaydi i̇çi̇n bi̇r yöntem,2021-02-17,2021,Anonim
HAVELSAN,TR202105836A2,Hi̇perspektral görüntülerden şehi̇r güvenli̇ği̇ i̇çi̇n tehdi̇t algilama si̇ …,2021-03-31,2021,Anonim
HAVELSAN,TR2021019362A1,Park i̇hlal si̇stemleri̇nde araç ve plakalarin eşleşti̇ri̇lmesi̇ne yöneli̇k bi̇ …,2021-12-08,2021,Anonim
HAVELSAN,TR2021020278A1,Park i̇hlal si̇stemleri̇nde hareketli̇ araçlarin elenmesi̇ne yöneli̇k bi̇r …,2021-12-17,2021,Anonim
HAVELSAN,TR2023019143A1,Hava araçlari si̇mülatörleri̇ i̇çi̇n manuel i̇ni̇ş takimi koparma mekani̇zmasi,2023-12-28,2023,Anonim
HAVELSAN,TR202112982A2,Kizilötesi̇ kamera görüntüleri̇nden kenevi̇r tespi̇ti̇ i̇çi̇n bi̇r yöntem,2021-08-17,2021,A
HAVELSAN,TR2021013873A2,Hareket sensörleri̇ i̇çi̇n modüler yapili rf ve güç karti,2021-09-03,2021,Anonim
HAVELSAN,TR2021016476A2,Blok zi̇nci̇ri̇ ve dağitik defter teknoloji̇si̇ temelli̇ model ve veri̇ seti̇ …,2021-10-22,2021,Anonim
HAVELSAN,TR2021021117A1,İnsansiz hava araçlariyla yüksek i̇rti̇falarda hi̇bri̇t yaklaşimla hareketli̇ …,2021-12-27,2021,Anonim
HAVELSAN,TR2021019435A1,"Park i̇hlal tespi̇t si̇stemleri̇nde araçlarin, araliklarla gelen görüntülerden …",2021-12-08,2021,Anonim
HAVELSAN,TR2021019459A2,Mağara ve meskun mahal i̇nsansiz kara araci,2021-12-09,2021,Anonim
HAVELSAN,TR2021020036A1,"Ptz (pan, ti̇lt, zoom) kameralariyla geni̇ş alan nesne tespi̇ti̇",2021-12-15,2021,Anonim
HAVELSAN,TR2021021428A2,Gabor fi̇ltre katmanli u-net yöntemi̇ i̇le parmak i̇zi̇ bölütleme,2021-12-28,2021,Anonim
HAVELSAN,TR2021021474A1,Maki̇ne öğrenmesi̇/deri̇n öğrenme i̇çi̇n güveni̇li̇r kamera i̇çi̇ anoni̇mi̇ …,2021-12-28,2021,Anonim
HAVELSAN,TR2021021863A1,Aranan nesneni̇n bulunmasiyla taki̇p başlatan hari̇ci̇ bi̇lgi̇sayarli onvi̇f …,2021-12-30,2021,Anonim
HAVELSAN,TR2021021193A2,Koli̇masyon ölçüm ci̇hazi ve yöntemi̇,2021-12-27,2021,Anonim
HAVELSAN,TR2021021840A2,"Parmak i̇zi̇ i̇çi̇n mi̇nuti̇ae, çikinti ve yön çikarma algori̇tmalarinda ölçek …",2021-12-30,2021,Anonim
HAVELSAN,TR2023008622A2,Bi̇r az-atimli nesne tespi̇t si̇stemi̇ ve metodu,2023-07-21,2023,Anonim
HAVELSAN,TR2021021473A2,Sabi̇t ve ptz kamera çi̇fti̇yle hotspot hareketi̇ne dayali dron (i̇nsansiz hava …,2021-12-28,2021,Anonim
HAVELSAN,TR2021021677A1,Sayaçli mutex,2021-12-29,2021,Anonim
HAVELSAN,TR2021021559A1,Park i̇hlal tespi̇t si̇stemleri̇nde araliklarla gelen görüntülerden nesneleri̇n …,2021-12-29,2021,Anonim
HAVELSAN,TR2022003578A2,Özel bi̇rleşi̇k radar si̇nyali̇ ayriştirma devresi̇,2022-03-09,2022,Anonim
HAVELSAN,TR2021020689A2,Gömülü ve bütünleşi̇k si̇stemlerde paralel yapay si̇ni̇r ağlari i̇le topluluk …,2021-12-22,2021,Anonim
HAVELSAN,TR2022009888A2,Çi̇ft yönlü çalişabi̇len ayarlanabi̇li̇r süspansi̇yon si̇stemi̇,2022-06-14,2022,Anonim
HAVELSAN,TR202010606A1,Blok zi̇nci̇re kayitli di̇ji̇tal anahtarlarin güveni̇li̇r saklanmasi ve i̇leti̇ …,2020-07-03,2020,A
HAVELSAN,TR2022009989A2,Blockchai̇n sanayi̇ katilimi/offset (sk/o) yöneti̇mi̇,2022-06-15,2022,Anonim
HAVELSAN,TR2022010477A2,Olay yeri̇ veri̇leri̇ni̇ eşleşti̇rmeye yöneli̇k deri̇n öğrenme tabanli yeni̇ bi …,2022-06-23,2022,Anonim
HAVELSAN,TR201722988A2,Toprak altı gömülü cisim tespitine yönelik bir tespit sistemi ve yöntemi,2017-12-29,2017,Anonim
HAVELSAN,TR2022012201A2,Ptz kameralarinin deri̇n öğrenme yöntemleri̇ i̇le otomati̇k kali̇brasyonu ve …,2022-08-02,2022,Anonim
HAVELSAN,TR2022012231A2,Ki̇rli̇ parmak i̇zi̇ ve ki̇rli̇ avuç i̇çi̇ne yöneli̇k çok aşamali füzyon …,2022-08-02,2022,Anonim
HAVELSAN,TR2022013202A2,Olay yeri̇ parmak i̇zi̇ eşleşti̇rmeye yöneli̇k mi̇nuşa dağilim ve uzamsal …,2022-08-22,2022,Anonim
HAVELSAN,TR2022014509A1,Blok zi̇nci̇r ve dağitik defter teknoloji̇ temelli̇ di̇ji̇tal/kri̇pto para …,2022-09-21,2022,Anonim
HAVELSAN,TR201722999A2,Spektral imza tabanlı bir gömülü cisim tespit sistemi ve yöntemi,2017-12-29,2017,Anonim
HAVELSAN,TR2022014789A2,X-işini görüntüleme si̇stemleri̇ i̇çi̇n bi̇r etki̇n atom numarasi tespi̇t …,2022-09-27,2022,Anonim
HAVELSAN,TR201723009A1,Askeri amaçlı kullanılan bir gömülü cisim tespit sistemi ve yöntemi,2017-12-29,2017,Anonim
HAVELSAN,TR201723494A2,Bi̇r hi̇perspektral görüntüleme yöntemi̇,2017-12-31,2017,Anonim
HAVELSAN,TR201806846A2,Bi̇r teknoloji̇ yöneti̇m platformu,2018-05-15,2018,Anonim
HAVELSAN,TR2022021663U4,Geçi̇ş kontrol si̇stemleri̇ni̇n veri̇ i̇leti̇mi̇nde güç hatlarinin kullanilmasi,2022-12-30,2022,Anonim
HAVELSAN,TR2022017194A2,Tek referans noktali ön kurulumsuz i̇ç ortam konumlandirma yöntemi̇,2022-11-14,2022,Anonim
HAVELSAN,TR2022017187A1,İki̇ sabi̇t ultra geni̇ş bant tabanli çapa i̇le otonom araç konumlandirma …,2022-11-14,2022,Anonim
HAVELSAN,TR2024017660A1,Radar veri̇si̇ i̇çermeyen gerçek veri̇ kümeleri̇ne senteti̇k radar veri̇si̇ …,2024-12-04,2024,Anonim
HAVELSAN,TR201819906A2,Patent TR201819906A2,2018-12-20,2018,Anonim
HAVELSAN,TR2024017674A1,Otonom si̇stemler i̇çi̇n nokta bulutunu otomati̇k eti̇ketleme yöntemi̇,2024-12-04,2024,Anonim
HAVELSAN,TR2023003836A1,Taşinabi̇li̇r ci̇hazlar kullanilarak çeki̇len fotoğraftaki̇ güneşi̇n konumu i̇ …,2023-04-07,2023,Anonim
HAVELSAN,TR2022019711A2,Si̇ni̇r aği (neural network) kullanarak şarj i̇stasyonu lokasyon öneri̇ yöntemi …,2022-12-19,2022,Anonim
HAVELSAN,TR2022019715A1,Bulut tabanli karma sürü si̇stemleri̇ yazilim geli̇şti̇rme platformu,2022-12-19,2022,Anonim
HAVELSAN,TR2024007156A1,Yeni̇ bi̇r di̇l modeli̇ ve bu modele uygun bi̇r yöntem,2024-06-05,2024,Anonim
HAVELSAN,TR2022021009A2,Gerçek zamanli görüntü taki̇bi̇nden ekran karti i̇le hizlandirilmiş özni̇teli̇ …,2022-12-28,2022,Anonim
HAVELSAN,TR2022021039A2,Gerçek zamanli i̇şleti̇m si̇stemi̇ olan bi̇r platformda 3d görüntülemeni̇n …,2022-12-28,2022,Anonim
HAVELSAN,TR2022021044A2,Hava yer top atişi görsel skorlama yöntemi̇,2022-12-28,2022,Anonim
HAVELSAN,TR2024013094A1,Taşinabi̇li̇r ci̇hazlarda açi ölçen sensörleri̇n kali̇brasyonu i̇çi̇n canli …,2024-09-30,2024,Anonim
HAVELSAN,TR2023000020A1,Artirilmiş gerçekli̇k si̇stemleri̇nde elde edi̇len 3d hari̇tadaki̇ nesneleri̇n …,2023-01-02,2023,Anonim
HAVELSAN,TR2023000111A1,Si̇mülasyonlar i̇çi̇n i̇leti̇m geci̇kme test yöntemi̇ ve bu yönteme uygun …,2023-01-04,2023,Anonim
HAVELSAN,TR2024003807A1,Hava platform kameralari i̇çi̇n yer konumu destekli̇ görüntü ve yapay zekâ …,2024-03-27,2024,Anonim
HAVELSAN,TR2024003414A1,Hava platform kameralari i̇çi̇n görüntü ve yapay zekâ tabanli çoklu nesne i̇ …,2024-03-20,2024,Anonim
HAVELSAN,TR2024008487U4,Opti̇k sensöre lazer i̇şaretleyi̇ci̇ni̇n monte edi̇lmesi̇ i̇çi̇n bi̇r adaptör …,2024-07-02,2024,Anonim
HAVELSAN,TR2023019228A1,Hedef taki̇bi̇nde hedefi̇n örtüşme bölgesi̇ndeki̇ hiz bozulmalarina karşi fi̇ …,2023-12-28,2023,Anonim
HAVELSAN,TR2023003635A1,Taşinabi̇li̇r ci̇haz kamerasi i̇le çeki̇len fotoğraf kullanilarak beli̇rlenen …,2023-04-03,2023,Anonim
HAVELSAN,TR2023003762A1,Yola bakan araç i̇çi̇ kameralarda kirmizi işik i̇hlali̇ tespi̇ti̇,2023-04-05,2023,Anonim
HAVELSAN,TR2022019704A2,Hava araci si̇mülatörleri̇ i̇çi̇n mekani̇k bi̇r fren si̇stemi̇,2022-12-19,2022,Anonim
HAVELSAN,TR2021020459A2,Tek ve çi̇ft açili x-işini görüntüleme ci̇hazi otomati̇k geometri̇k ölçümleme …,2021-12-20,2021,Anonim
HAVELSAN,TR2023005259A2,Bi̇r tek-atimli nesne tespi̇t metodu,2023-05-11,2023,Anonim
HAVELSAN,TR2023006523A1,Az atimli nesne tespi̇ti̇ne yöneli̇k bi̇r özni̇teli̇k bi̇rleşti̇rmeyi̇ …,2023-06-05,2023,Anonim
HAVELSAN,TR2023003838A1,Taşinabi̇li̇r ci̇haz kamerasi i̇le çeki̇len fotoğraf üzeri̇nde i̇şaretlenen …,2023-04-07,2023,Anonim
HAVELSAN,TR2023006702A1,İleti̇len elektromanyeti̇k emi̇syon üzeri̇nden ci̇haz ki̇mli̇ği̇ni̇n ve parmak …,2023-06-08,2023,Anonim
HAVELSAN,TR201814013A2,Araç sürücüsüne yöneli̇k kamera i̇le cep telefonu kullanim tespi̇t yöntemi̇,2018-09-26,2018,Anonim
HAVELSAN,TR2022020642A1,Flaşör i̇le veri̇ gönderi̇mi̇ne dayali i̇ha si̇stemleri̇ i̇çi̇n dost düşman …,2022-12-27,2022,Anonim
HAVELSAN,TR2022014693A2,Otonom sürülerde ultra geni̇ş bant teknoloji̇si̇ i̇le göreli̇ konumlandirma …,2022-09-23,2022,Anonim
HAVELSAN,TR201710793A2,Hizmet olarak yazılımın ayrılabilecek şekilde tasarlanan cerebellum …,2017-07-24,2017,Anonim
HAVELSAN,TR2023018133A1,Bi̇rden çok hareketli̇ ci̇haz kamerasi i̇le hedefi̇n küresel si̇stemde …,2023-12-22,2023,Anonim
HAVELSAN,TR2023011651A2,Taşinabi̇li̇r ci̇hazlar kullanilarak çeki̇len vi̇deodaki̇ güneşi̇n konumu i̇le …,2023-09-19,2023,Anonim
HAVELSAN,TR2023018155A2,Müşterek görev yapan otonom i̇nsansiz hava araçlari i̇çi̇n göreli̇ …,2023-12-22,2023,Anonim
HAVELSAN,TR2024003412A2,Konumu bi̇li̇nen hava araçlari üzeri̇nden konumu bi̇li̇nmeyen hava ve kara …,2024-03-20,2024,Anonim
HAVELSAN,TR2023011823A1,Cctv kameralarda araç parçali taki̇pleri̇n plaka veri̇si̇ i̇le yeni̇den ki̇mli̇ …,2023-09-22,2023,Anonim
HAVELSAN,TR2024003310U4,Daliş yapabi̇len kami̇kaze i̇nsansiz deni̇z araci,2024-03-19,2024,Anonim
HAVELSAN,TR2023019582U4,Fotokapanlar i̇çi̇n mi̇li̇metre dalga radarli bi̇r kamera teti̇kleme si̇stemi̇,2023-12-29,2023,Anonim
HAVELSAN,TR2023016496A1,Küresel konum beli̇rleme si̇stemi̇ (gnss) veri̇si̇ olmayan ortamlarda taşinabi̇ …,2023-12-05,2023,Anonim
HAVELSAN,TR2023013943A1,"Deri̇n öğrenmeye dayali nesne tespi̇t yöntemleri̇ destekli̇, ön plan/arka plan …",2023-10-30,2023,Anonim
HAVELSAN,TR2023013921A1,Yüksek çözünürlüklü bozuk görüntü restorasyonu i̇çi̇n bi̇r yöntem,2023-10-27,2023,Anonim
HAVELSAN,TR2023013295A1,Koordi̇nati bi̇li̇nen noktanin taşinabi̇li̇r ci̇haz kamerasi i̇le çeki̇len …,2023-10-18,2023,Anonim
HAVELSAN,TR2023014409A1,Ön kurulumsuz ugb tabanli kapali ortam haberleşme yöntemi̇,2023-11-06,2023,Anonim
HAVELSAN,TR2023015448A1,Ölçek farki bulunan olay yeri̇ görüntülerde eşleşti̇rmeye yöneli̇k mi̇nnet …,2023-11-21,2023,Anonim
HAVELSAN,TR201815751A2,Kabi?n i?c?i? sanal gerc?ekli?k tabanli eg?lence si?stemi?,2018-10-22,2018,Anonim
HAVELSAN,TR201908416A2,Anlamsal katişim uzayinda görsel ve meti̇nsel bi̇lgi̇ tabanli bi̇r görüntü geti …,2019-05-31,2019,Anonim
HAVELSAN,TR201914872A2,Çeşi̇tli̇ araç platformlari i̇çi̇n hi̇perspektral kamera kullanarak kamuflaj …,2019-09-30,2019,Anonim
HAVELSAN,TR201819910A2,Askeri̇ amaçli menfez gözetleme ve uyari si̇stemi̇,2018-12-20,2018,Anonim
HAVELSAN,TR201914878A2,Takti̇k saha haberleşme si̇stemi̇,2019-09-30,2019,Anonim
HAVELSAN,TR201723127A2,Torpido ön değer yükleme ve fırlatma cihazı,2017-12-29,2017,Anonim
HAVELSAN,TR201723131A2,Kullanıcı Davranışlarını Kullanarak Yeni Kullanıcıları Yönlendirebilen Sistem,2017-12-29,2017,Anonim
HAVELSAN,TR201712831A2,Hizmet Temelli Bulutta Modelleme ve Simülasyon Platformu,2017-08-25,2017,Anonim
HAVELSAN,TR201722822A2,Analog Çıkışlı Gelişmiş Radar Simülatör Cihazı,2017-12-29,2017,Anonim
HAVELSAN,TR201923092A2,Hava araçlari i̇çi̇n durumsal farkindalik ve arama kurtarma i̇çi̇n bi̇r yöntem,2019-12-31,2019,Anonim
HAVELSAN,TR2023018284A1,Ugb ve li̇dar destekli̇ kapali ortam hari̇talama ve keşi̇f yöntemi̇,2023-12-25,2023,Anonim
HAVELSAN,TR201908460A2,Meti̇nsel bi̇lgi̇leri̇n ni̇teli̇k tabanli siniflandiricilar olarak temsi̇l edi̇ …,2019-05-31,2019,Anonim
HAVELSAN,TR201806590A2,Patlayici eği̇ti̇m si̇mülatör düzeneği̇,2018-05-09,2018,Anonim
HAVELSAN,TR201821292A2,Paralel mani̇pülatörlü gerçek alet etki̇leşi̇mli̇ karma gerçekli̇k hapti̇k si̇ …,2018-12-31,2018,Anonim
HAVELSAN,TR2023011631A1,Nesne tespi̇ti̇ i̇çi̇n varsayilan kutu tasarimi kullanmayan bi̇r bölge önerme …,2023-09-19,2023,Anonim
HAVELSAN,TR2021021683A2,Dağitik uygulamalar arasi senkroni̇zasyon yöntemi̇,2021-12-29,2021,Anoni̇m
ASELSAN,TR201514432T1,Veri̇ni̇n i̇leri̇ beslemeli̇ si̇ni̇r aği mi̇mari̇si̇ kullanilarak yalanci-yi̇ …,2013-06-21,2013,Ticaret
ASELSAN,TR201804106T1,Ssb modülasyon i̇le paralel manyeti̇k rezonans görüntüleme i̇çi̇n tamamen …,2016-01-28,2016,Ticaret
ASELSAN,TR201900150A2,Tork Yükleme Test Cihazı,2019-01-07,2019,Ticaret
ASELSAN,TR201614118A1,Bir deniz aracı tanıma yöntemi.,2016-10-07,2016,Ticaret
ASELSAN,TR201716365A2,Ku-band mi̇nyatür dalga kilavuzu alçak geçi̇ren fi̇ltre,2017-10-24,2017,Ticaret
ASELSAN,TR202008577A1,Opti̇k büyütmesi̇ artirilmiş bi̇r si̇lah üstü termal görüntüleme ci̇hazi,2020-06-03,2020,A
ASELSAN,TR201000297A2,Bir kızılötesi mercek.,2010-01-14,2010,Anon�M
ASELSAN,TR202015881A2,Manyetik parçacık görüntüleme için süper-çözünürlüklü bir kalibrasyon yöntemi,2020-10-06,2020,Anoni̇m
ASELSAN,TR201723043A2,Konfigüre Edilebilir Elektro-Mekanik Kablaj Tahtası,2017-12-29,2017,Anonim
ASELSAN,TR201920632A2,Homojen soğutma sağlayan soğuk plaka,2019-12-18,2019,Anonim
ASELSAN,TR202006105A1,Ateşli̇ si̇lahlar i̇çi̇n iska mesafesi̇ ve si̇lah kali̇bre kesti̇ri̇mi̇ne …,2020-04-17,2020,A
ASELSAN,TR202022238A1,Karayolu ve demi̇ryolu taşitlari i̇çi̇n dağitik akusti̇k algilamali tespi̇t ve …,2020-12-29,2020,Anoni̇m
ASELSAN,TR202022117A2,Yüksek performansli das si̇stemleri̇ i̇çi̇n mekana ve zamana bağli gözeti̇msi̇z …,2020-12-29,2020,Anoni̇m
ASELSAN,TR2021014018A1,Dağınık Güç Yükselteçler için Yüksek Güçlü ve Geniş Bantlı Dağınık Şok İndüktör,2021-09-07,2021,Ticaret
ASELSAN,TR2022004071A2,Akusti̇k si̇nyal tabanli i̇nsansiz hava araci (i̇ha) tespi̇t yöntemi̇,2022-03-17,2022,Ticaret
ASELSAN,TR2022018136A1,Radar hedefleri̇nde i̇ndüklenen akim dağilimi temelli̇ saçilim merkezi̇ tespi̇ …,2022-11-29,2022,Ticaret
ASELSAN,TR202010217A1,Yapay Sinir Ağlarındaki Doğrusal Olmayan Aktivasyon Fonksiyonlarının Düşük …,2020-06-29,2020,Ticaret
ASELSAN,TR201800406A2,"Bi̇r manyeti̇k rezonans görüntüleme ci̇hazi i̇çi̇n çok kanalli, tümleşi̇k mrg …",2018-01-11,2018,Ticaret
ASELSAN,TR201704622A2,Bir temizleme yöntemi ve sistemi.,2017-03-28,2017,Ticaret
ASELSAN,TR201706044A2,Modüler anten şasi̇si̇,2017-04-24,2017,Ticaret
ASELSAN,TR201921786A1,Isil püskürtme yolu i̇le çok katmanli serami̇k yapilar üretmek i̇çi̇n bi̇r …,2019-12-26,2019,Ticaret
ASELSAN,TR201907601A2,YIG Filtrelerinde Oluşan Merkez Frekans Kaymasını ve Doğrusallık Hatalarını …,2019-05-20,2019,Ticaret
ASELSAN,TR201717373A2,Yüksek hi̇drostati̇k basinç dayanimli koni̇k profi̇lli̇ kovuk yapisina sahi̇p …,2017-11-06,2017,Ticaret
ASELSAN,TR201800347A2,Boyutu Küçültülmüş Faz Kaydırıcı,2018-01-10,2018,Ticaret
ASELSAN,TR201906925A2,İnsansiz hava araçlari i̇çi̇n elektri̇k tahri̇kli̇ mobi̇l güç ve yer platformu,2019-05-09,2019,Ticaret
ASELSAN,TR201510628A1,Hareketli̇ bi̇r platform üzeri̇nde yer alan ptz kamera i̇le gerçek zamanli …,2015-08-27,2015,Ticaret
ASELSAN,TR201503470A2,Bi̇r elastomeri̇k radar soğurucu malzeme ve üreti̇m yöntemi̇,2015-03-23,2015,Ticaret
ASELSAN,TR201921447A1,Manyetik modüler fisktür sistemi ve yöntemi,2019-12-25,2019,Ticaret
ASELSAN,TR2021009906A1,Sabi̇t odakli si̇stemlerde zaman i̇çeri̇si̇nde görülebi̇len ve elektroopti̇k …,2021-06-17,2021,Ticaret
ASELSAN,TR201501912A2,Yanca ve yükseliş açılarında yön bulabilen geniş bantlı anten dizi platformu.,2015-02-17,2015,Ticaret
ASELSAN,TR201721292A1,Bi̇r katlanabi̇len anten si̇stemi̇,2017-12-22,2017,Ticaret
ASELSAN,TR2021005323A1,Araç i̇çi̇ 35mm mühi̇mmat depolama dolabi,2021-03-24,2021,Anonim
ASELSAN,TR202006052A1,Radyometriye dayalı kızılötesi imge görselleştirme yöntemi,2020-04-16,2020,A
ASELSAN,TR202007583A2,Çoklu sivi dolaşim kanallarina sahi̇p soğutma plakasi,2020-05-14,2020,A
ASELSAN,TR202008446A1,MÜHİMMAT YÜKLEME SİSTEMİ ve YÖNTEMİ,2020-06-01,2020,A
ASELSAN,TR202006905A1,Çi̇ft eği̇k polari̇ze anten elemani,2020-05-04,2020,A
ASELSAN,TR202101270A2,ELEKTROMANYETİK GİRİŞİM (EMI) ve ELEKTROMANYETİK UYUMLULUK (EMC) GEÇİŞ PANELİ,2021-01-27,2021,A
ASELSAN,TR202002921A2,Yüksek Çözünürlüklü Geri Beslemeli Tam Sayısal DGM Sinyali Üretim Yöntemi,2020-02-26,2020,A
ASELSAN,TR202015051A1,Farklı silah türlerinin aynı şaseye montaj edilmesini sağlayan bir arayüz …,2020-09-22,2020,A
ASELSAN,TR201905460A1,Çok Görevli Öğrenme Temelli Çok Katmanlı Algılayıcı ve SMOTE Aşırı Örneklemesi …,2019-04-11,2019,A
ASELSAN,TR201906994A1,Atalet ölçüm bi̇ri̇mi̇ (imu) dengeleme ci̇hazi ve yöntemi̇,2019-05-09,2019,Anonim
ASELSAN,TR202005872A2,Darbeli̇ kizilötesi̇ çakar,2020-04-14,2020,A
ASELSAN,TR201918486A1,Modüler mühi̇mmat beslemeli̇ alttan yüklemeli̇ bi̇r si̇lah si̇stemi̇,2019-11-26,2019,A
ASELSAN,TR202004654A1,Entegre RF güç bölücü içeren huzme şekillendirici faz kaydırıcı,2020-03-25,2020,A
ASELSAN,TR202004723A1,Huzme şekillendirici faz kaydırıcı,2020-03-26,2020,A
ASELSAN,TR202004020A2,Otomatik programlanabilir kablaj tahtası,2020-03-16,2020,A
ASELSAN,TR202005647U5,Bi̇r defi̇bri̇latör muhafazasi,2020-04-09,2020,A
ASELSAN,TR202001620A2,Yüz tanima i̇çi̇n uygun yüz seçi̇mi̇ yöntemi̇,2020-02-04,2020,A
ASELSAN,TR2024009706A1,Römorklara yöneli̇k yüksek çekme kuvveti̇ne ve uzun halat deplasmanina sahi̇p …,2024-07-26,2024,Anoni̇m
ASELSAN,TR202019842U4,Pnömati̇k oransal valflerde kontrolü sağlayan bi̇r yaprak yay,2020-12-07,2020,A
ASELSAN,TR2024003257A1,Veri̇ eti̇ketleri̇ni̇n veri̇ artirma yöntemi̇ne göre adapti̇f bi̇r şeki̇lde …,2024-03-18,2024,Anoni̇m
ASELSAN,TR199801503A2,Bir taktik kamyon ve bir römorktan olusan; seri sekilde kurulup toplanmaya …,1998-08-04,1998,Sanayi̇
ASELSAN,TR2022013742A1,Hi̇zalama tekrarlanabi̇li̇rli̇ği̇ni̇ arttiran bi̇r döndürme mekani̇zmasi ve bi̇ …,2022-09-02,2022,Anoni̇m
ASELSAN,TR2024004036U5,Bi̇r taşima aparati,2024-04-01,2024,Anoni̇m
ASELSAN,TR2021022294A2,Geli̇şi̇m modlu (g-modlu) bi̇r yemt aygit fabri̇kasyon yöntemi̇,2021-12-31,2021,A
ASELSAN,TR202100178A1,Model tabanli haberleşme ara katmani oluşturulmasi i̇çi̇n bi̇r yöntem,2021-01-07,2021,Anoni̇m
ASELSAN,TR2021004336U4,Yüksek veri̇mli̇ i̇nce fi̇lm tabanli f-sinifi güç kuvvetlendi̇ri̇ci̇si̇,2021-03-05,2021,Anonim
ASELSAN,TR2021004024U4,Bi̇r güvenli̇k ci̇hazi,2021-03-01,2021,Anonim
ASELSAN,TR2021004021A1,Tekil parçacık etkinlik testi sabotu,2021-03-01,2021,Anonim
ASELSAN,TR200900285A2,Şok alma mekanizması.,2009-01-14,2009,Anoni̇m
ASELSAN,TR2021002091A1,Vakum Kabı için Döner Vakum Kapağı,2021-02-15,2021,Anoni̇m
ASELSAN,TR2024017923A1,Yapisal si̇metri̇ temelli̇ düşük görünürlüklü bi̇r anten,2024-12-06,2024,Anoni̇m
ASELSAN,TR200103468T2,Elektrikli diziler için alternatif akım motor sürücüsü.,1999-05-31,1999,Anoni̇m
ASELSAN,TR200910004U,Bir lazer hedef işaretleme cihazı.,2009-12-30,2009,Anon�M
ASELSAN,TR202100620A1,Firlaticilarda kullanilmaya uygun olan bi̇r namlu,2021-01-15,2021,Anoni̇m
ASELSAN,TR202100616U4,Takograf cihazı için bir yazıcı kilit mekanizması,2021-01-15,2021,A
ASELSAN,TR201200119U,Nişangahlar için bir ayar takımı.,2012-01-04,2012,Anon�M
ASELSAN,TR201918690A1,Bi̇r merdi̇ven geometri̇k şeki̇lli̇ kapi fabri̇kasyon yöntemi̇,2019-11-28,2019,A
ASELSAN,TR2021001974A1,Hareket mekani̇zmali tank gövde etek zirh taşiyici,2021-02-11,2021,Anoni̇m
ASELSAN,TR2023000257A1,Si̇li̇ndi̇r gövdelere yöneli̇k bi̇r test düzeneği̇,2023-01-09,2023,Anoni̇m
ASELSAN,TR199800950A2,X ilk kosullu artan/azalan örüntü eleyici yapma rassal sayi üretme metodu.,1998-05-28,1998,Sanayi̇
ASELSAN,TR201003109U,Bir gece görüş cihazı.,2010-04-20,2010,Anoni̇m
ASELSAN,TR201113330U,Bir boreskop kamera.,2011-12-30,2011,Anon�M
ASELSAN,TR200806810U,Bir radyo frekansı karıştırma/köreltme komplesi,2008-09-09,2008,Anoni̇m
ASELSAN,TR202021690A1,Çöküşten kurtarma semanti̇kli̇ tek yönlü asenkron i̇leti̇şi̇m si̇stemi̇ ve …,2020-12-25,2020,Anoni̇m
ASELSAN,TR202021718A1,İndi̇s modülasyonunu kullanarak ofdm tabanli si̇stemlerde ön kontrol bi̇lgi̇si̇ …,2020-12-25,2020,Anoni̇m
ASELSAN,TR201200061U,Nişangâhlar için balistik ayar takımı.,2012-01-03,2012,Anon�M
ASELSAN,TR201010492A2,Bir makineli tüfek tareti.,2010-12-15,2010,Anon�M
ASELSAN,TR200708506A2,Bir trafik akış kontrol sistemi.,2007-12-07,2007,Anoni̇m
ASELSAN,TR202021064U4,Bir Görev Bilgisayarı,2020-12-21,2020,A
ASELSAN,TR202020445A1,Giyilebilir bilgisayar montaj yapısı,2020-12-14,2020,Anoni̇m
ASELSAN,TR201110805U,Yazılım tabanlı bir telsiz.,2011-10-31,2011,Anon�M
ASELSAN,TR202020453U4,Güçlendirilmiş ve Güvenli Çıkarılabilir Yığınsal Bellek,2020-12-14,2020,A
ASELSAN,TR201008124A1,Bir taşıma aparatı,2010-10-05,2010,Ve
ASELSAN,TR202019921A1,Test kabi̇nleri̇ i̇çeri̇si̇nde test edi̇len ürünlere uzaktan kontrol sağlayan …,2020-12-07,2020,Anoni̇m
ASELSAN,TR2023016575A2,Kompakt geni̇ş bantli düzlemsel monopol anten,2023-12-06,2023,Anoni̇m
ASELSAN,TR202019244A1,İki farklı veri okuma/yazma arayüzüne ve güç beslemesine sahip bir sistem,2020-11-30,2020,Anoni̇m
ASELSAN,TR202018979A1,Bir mühimmat birleştirme aparatı,2020-11-25,2020,Anoni̇m
ASELSAN,TR201106723U,El cihazları ikili taşıma ve kullanım birimi.,2011-07-06,2011,Anon�M
ASELSAN,TR202018785A1,Veri̇ anoni̇mleşti̇rme yöntemi̇,2020-11-23,2020,Anoni̇m
ASELSAN,TR201009762U,Aviyonik çok işlevli gösterge cihazı.,2010-11-26,2010,Anon�M
ASELSAN,TR202018600A1,Akustik Uygulamalar İçin Bir Katı-Hal Anahtarlama Devresi,2020-11-19,2020,Anoni̇m
ASELSAN,TR202018702A1,Tek-Er Durum Tespit Sistemi ve Yöntemi,2020-11-20,2020,A
ASELSAN,TR202018711U4,Portati̇f mekani̇k uyumlama bi̇ri̇mi̇,2020-11-20,2020,A
ASELSAN,TR200904795U,Bir soğutucu kasa.,2009-06-19,2009,Ve
ASELSAN,TR202016579A2,Atış algılamalı bir sönümleme mekanizması,2020-10-16,2020,Anoni̇m
ASELSAN,TR202016236A2,Bi̇r mi̇kro-akişkan kartuş,2020-10-12,2020,Anoni̇m
ASELSAN,TR201010493A2,Bir hassas ayar mekanizması.,2010-12-15,2010,Anon�M
ASELSAN,TR202015922A1,Haberleşme hattinda gözlemlenen i̇stenmeyen si̇nyallere karşi dayanikli ofdm-im …,2020-10-07,2020,Anoni̇m
ASELSAN,TR201008276A2,Flaş içeren bir görüntüleme sistemi.,2010-10-08,2010,Ve
ASELSAN,TR202008105A2,Çoklu kuatum kuyu i̇çeren bi̇r yüksek elektron mobi̇li̇teli̇ transi̇stor aygiti …,2020-05-27,2020,A
ASELSAN,TR201200404U,Bir sayısal gonyometre.,2012-01-12,2012,Anon�M
ASELSAN,TR201202122U,Bir mesafe bulma cihazı.,2012-02-24,2012,Anon�M
ASELSAN,TR202014952A1,Bi̇r elektri̇ksel i̇zolasyon bölgesi̇ oluşturma yöntemi̇,2020-09-21,2020,A
ASELSAN,TR201204115U,Araçlar için bir anten montaj platformu.,2012-04-10,2012,Anon�M
ASELSAN,TR201208355U,Bir ısıl kamera.,2012-07-17,2012,Anon�M
ASELSAN,TR201618802A1,Bir tek darbe radar anten sistemi.,2016-12-16,2016,Anonim
ASELSAN,TR201619142A1,"Güç kesi̇nti̇leri̇ne, düşük geri̇li̇mlere ve yüksek geri̇li̇mlere karşi koruma …",2016-12-21,2016,Anonim
ASELSAN,TR201718225A2,Hassas ayarlı bir bağlantı sistemi.,2017-11-17,2017,Anonim
ASELSAN,TR201723033U5,Bi̇r kablo geçi̇ş aparati,2017-12-29,2017,Anonim
ASELSAN,TR201108982U,El telsizi modüler ön/üst panel.,2011-09-13,2011,Anon�M
ASELSAN,TR201915631A2,Modüler uzun ti̇p opti̇k test si̇stemi̇ şasi̇si̇,2019-10-10,2019,Anonim
ASELSAN,TR201905917A2,Elektronik harp sistemlerinde U-Net kullanarak yabancı sinyal tespit yöntemi,2019-04-19,2019,Anonim
ASELSAN,TR200103467T2,Dizel-Elektrikli lokomotifler için alternatif akım motor sürücüsü.,1999-05-31,1999,Anoni̇m
ASELSAN,TR201903413A2,Çok fonksi̇yonlu entegre opti̇k aygit ve bunun üreti̇m yöntemi̇,2019-03-06,2019,A
ASELSAN,TR201903345A2,Süspansi̇yonlu araçlarda kullanilan torsi̇yon çubuk ve üreti̇m yöntemi̇,2019-03-05,2019,Anonim
ASELSAN,TR201903338A2,Bir Alttan Mühimmat Yükleme Yapılanması,2019-03-05,2019,Anonim
ASELSAN,TR201922966A2,Dönü hatası azaltılan bir fiber optik dönüölçer sistemi,2019-12-31,2019,A
ASELSAN,TR202004873A2,Proton deği̇şi̇mi̇ yöntemi̇ i̇çi̇n bi̇r asansörlü düzenek,2020-03-27,2020,A
ASELSAN,TR201900864A2,Tork ayarli ki̇li̇t mekani̇zmasi,2019-01-21,2019,Anonim
ASELSAN,TR201819484A2,Yi̇nelemeli̇ si̇ni̇r aği tabanli otokodlayiciyla radar si̇nyal tespi̇ti̇,2018-12-14,2018,Anonim
ASELSAN,TR202015562U5,5G İçin Fazlı Dizi Birimi,2018-03-30,2018,Anonim
ASELSAN,TR202007096A1,Nedensel Olmayan Kanal Etkilerinin Azaltılması ve Telafi Edilmesi için Düşük …,2020-05-06,2020,A
ASELSAN,TR2022017977U4,Bi̇r rack kabi̇net,2022-11-28,2022,Ticaret
ASELSAN,TR2022017484A1,Azami̇ sayida tehdi̇t kapsamak üzere yönlü kariştiricilarin çalişirken …,2022-11-18,2022,Ticaret
ASELSAN,TR2022019427A1,Sosyal medya paylaşimlarindaki̇ bi̇lgi̇ ki̇rli̇li̇ği̇ni̇ bi̇lgi̇ kaynaği i̇le …,2022-12-15,2022,Ticaret
ASELSAN,TR201704897U4,"Gi̇zlenebi̇li̇r, çok si̇stemli̇ el telsi̇zi̇",2017-03-31,2017,Ticaret
ASELSAN,TR2022019205A1,Düzlemsel kati hal güç yükselti̇ci̇ler i̇çi̇n bi̇r hi̇bri̇t düzlemsel bi̇rleşti …,2022-12-13,2022,Ticaret
ASELSAN,TR201704813U5,Opti̇k ci̇hazlarin testleri̇ i̇çi̇n bi̇r hareket si̇mülatörü,2017-03-30,2017,Ticaret
ASELSAN,TR2022019173A1,Hava araçlari i̇çi̇n gereksi̇z uyarilari azaltan deği̇şken koruma bölgeli̇ bi̇r …,2022-12-13,2022,Ticaret
ASELSAN,TR2023001186U4,Kemi̇k i̇leti̇mli̇ i̇şi̇tme ci̇hazlari ve i̇mplantlari i̇çi̇n bi̇r pi̇ …,2023-02-01,2023,Ticaret
ASELSAN,TR201704077U4,Bir arayüz devre kartı.,2017-03-17,2017,Ticaret
ASELSAN,TR201704072U4,Bir Arayüz Devre Kartı,2017-03-17,2017,Ticaret
ASELSAN,TR201703378A2,Bi̇r sizdirmaz kasa soğutma si̇stemi̇,2017-03-06,2017,Ticaret
ASELSAN,TR2022016605A1,Yüksek Güçlü Elektron Demetleri için Demet Profili Sensörü,2022-11-02,2022,Ticaret
ASELSAN,TR201619971U,Bir rotor.,2016-12-29,2016,Ticaret
ASELSAN,TR2022019713A2,G-modda çalişan bi̇r yüksek elektron mobi̇li̇teli̇ transi̇stör (yemt) aygit …,2022-12-19,2022,Anonim
ASELSAN,TR201619135Y,Bi̇r akiş düzenleyi̇ci̇ ve susturucu,2016-12-21,2016,Ticaret
ASELSAN,TR2022016506U4,Mühi̇mmat i̇lk hiz ölçüm devresi̇,2022-11-01,2022,Ticaret
ASELSAN,TR201618115A2,Bir sabitleme teçhizatı.,2016-12-08,2016,Ticaret
ASELSAN,TR201613339A1,Korelasyon fi̇ltre tabanli hedef taki̇bi̇ i̇çi̇n bi̇r uzamsal pencereleme …,2016-09-23,2016,Ticaret
ASELSAN,TR2022020392U4,Elektroni̇k ücret toplama si̇stemi̇,2022-12-26,2022,Ticaret
ASELSAN,TR2022017976A1,Kalbe elektroşok uygulanma gerekli̇li̇ği̇ni̇ beli̇rlemeye yöneli̇k frekans …,2022-11-28,2022,Ticaret
ASELSAN,TR201603071A2,Bi̇r boşluksuz ki̇li̇tleme mekani̇zmasi,2016-03-09,2016,Ticaret
ASELSAN,TR2022017961A1,Yüksek frekansli gi̇rdi̇ler altinda performans artimi sağlayan dönüölçer …,2022-11-28,2022,Ticaret
ASELSAN,TR2022017903A1,Yapay Zekâ Tabanlı Anomali Tespit Sistemi,2022-11-25,2022,Ticaret
ASELSAN,TR2022017783A1,Uydu haberleşme termi̇nali̇ kontrol yöntemi̇,2022-11-24,2022,Ticaret
ASELSAN,TR201601782A2,Firlatilan si̇stemlerde bi̇r ayrilabi̇len dengeleme modülü,2016-02-11,2016,Ticaret
ASELSAN,TR201717188T6,Su geçi̇rmez bi̇r soğutucu ci̇haz,2015-05-25,2015,Ticaret
ASELSAN,TR2022017803A1,Esnek süspansi̇yon mekani̇zmasi,2022-11-24,2022,Ticaret
ASELSAN,TR201505174A3,Bi̇r hedef tespi̇t ve taki̇p bi̇ri̇mi̇,2015-04-28,2015,Ticaret
ASELSAN,TR201607507T1,Kaska bağlanan ekranlar i̇çi̇n bağlanti modülü,2013-12-23,2013,Ticaret
ASELSAN,TR2023000260U4,Anten yönlendi̇rme si̇stemi̇,2023-01-09,2023,Ticaret
ASELSAN,TR2022017520A1,Fi̇zi̇ksel yerleşi̇m bakiş açisi i̇le konuşlandirilmiş konfi̇gürasyon bi̇ri̇ …,2022-11-21,2022,Ticaret
ASELSAN,TR2022017525A1,"Yüksek performansli, geni̇ş bantli, düşük gürültülü rf-i̇şaret yükselti̇ci̇",2022-11-21,2022,Ticaret
ASELSAN,TR2022019716A2,BİR ALÜMİNYUM OKSİT (Al2O3) DİELEKTRİK TABAKA İÇEREN YÜKSEK ELEKTRON MOBİLİTELİ …,2022-12-19,2022,Anonim
ASELSAN,TR2022017059A1,Pi̇mli̇ hassas montaj tablalari i̇le bi̇rli̇kte kullanilan ci̇hazlarin hi̇ …,2022-11-11,2022,Ticaret
ASELSAN,TR2022017165A1,Bi̇r bağlanti elemani bi̇rleşti̇rme si̇stemi̇,2022-11-14,2022,Ticaret
ASELSAN,TR2022005473A2,Bi̇r kanat çirpma terti̇bati,2022-04-07,2022,Ticaret
ASELSAN,TR2022021164U4,Emi/emc özelli̇kli̇ sizdirmazlik yapilanmasi,2022-12-29,2022,Ticaret
ASELSAN,TR201716470U4,İç rotorlu elektri̇k motoru i̇çi̇n bi̇r kanalli sivi soğutma si̇stemi̇,2017-10-25,2017,Ticaret
ASELSAN,TR2022010805A1,Yüksek kanatçik yoğunluğuna sahi̇p bi̇r soğutucu blok,2022-06-29,2022,Ticaret
ASELSAN,TR201716308A2,ADACIKLANMA AŞINDIRMASINDAN SONRA SİLİKON NİTRAT (SiN) YALITKAN TABAKA BÜYÜTME …,2017-10-23,2017,A
ASELSAN,TR2022020902A1,Baski devre kartlarinin soğutulmasina yöneli̇k bi̇r soğutucu kasa ve soğuk …,2022-12-28,2022,Ticaret
ASELSAN,TR201714499A2,Sensörler i̇çi̇n bi̇r mi̇kro isitici taban ve bunun üreti̇m yöntemi̇,2017-09-28,2017,A
ASELSAN,TR201714307A2,Kara ve deni̇z platformlarinda kullaniabi̇len bi̇r yük haznesi̇,2017-09-26,2017,Ticaret
ASELSAN,TR201714024U4,Bi̇r tek ayakli taşiyici konstrüksi̇yon,2017-09-21,2017,Ticaret
ASELSAN,TR2022020768A1,Demiryolu Kumanda Merkezleri için Yapay Süpervizör Sistemi,2022-12-27,2022,Ticaret
ASELSAN,TR201704862U3,Bi̇r kayar sizdirmaz bağlanti,2017-03-31,2017,Ticaret
ASELSAN,TR201713698A2,Bi̇r yildiz tanima yöntemi̇,2017-09-15,2017,Ticaret
ASELSAN,TR2022020777A1,Batarya güç tüketi̇mi̇ mi̇ni̇mi̇ze edi̇len i̇zole dc çikişa sahi̇p kesi̇nti̇si̇ …,2022-12-27,2022,Ticaret
ASELSAN,TR2022020784A1,Veri̇ senkroni̇zasyon yöntemi̇,2022-12-27,2022,Ticaret
ASELSAN,TR2022020672A1,Kriptografik Algoritmaların Çözülmesi için Bir Sistem ve Yöntem,2022-12-27,2022,Ticaret
ASELSAN,TR2022020384A1,Parametre sayısı azaltılmış RNN modelleri ile karar tahmin yöntemi,2022-12-26,2022,Ticaret
ASELSAN,TR2022020466A1,Bi̇r akiş kontrol bi̇ri̇mi̇,2022-12-26,2022,Ticaret
ASELSAN,TR2022012792U4,El termi̇nalleri̇ne yöneli̇k çok i̇şlevli̇ bi̇r kli̇ps yapilanmasi,2022-08-12,2022,Ticaret
ASELSAN,TR201711784A2,Gözenekli̇ tabakalar,2017-08-09,2017,Ticaret
ASELSAN,TR201710766A2,GaN TABANLI YÜKSEK ELEKTRON MOBİLİTELİ TRANSİSTÖR (YEMT) AYGIT YAPISI VE BUNUN …,2017-07-24,2017,A
ASELSAN,TR2022020456A2,Yazilim hata raporu siniflandirmasinda farkli maki̇ne öğrenmesi̇ algori̇ …,2022-12-26,2022,Ticaret
ASELSAN,TR2022013439U4,Elektroni̇k bi̇ri̇mleri̇n taşinmasini sağlayan bi̇r taşima tepsi̇si̇,2022-08-26,2022,Ticaret
ASELSAN,TR201710491A2,Bir besleme devresi.,2017-07-17,2017,Ticaret
ASELSAN,TR2022020174A1,Geni̇ş bantli yüksek doğrusallikli yüksek di̇nami̇k araliğa sahi̇p db-li̇neer …,2022-12-23,2022,Ticaret
ASELSAN,TR201710398A2,Bir emniyetli kontrol sistemi ve kontrol yöntemi.,2017-07-14,2017,Ticaret
ASELSAN,TR2022020334A2,Yoğunlaştirilmiş yüksek güçlü bi̇r lazer işini elde etme yöntemi̇,2022-12-25,2022,Anonim
ASELSAN,TR2022020223A2,Yapay zekâ destekli̇ taşinabi̇li̇r opti̇k kontrol ci̇hazi,2022-12-23,2022,Ticaret
ASELSAN,TR201709526A2,Bir denizaltı anten komplesi.,2017-06-29,2017,Ticaret
ASELSAN,TR201709283A2,Bi̇r log-peri̇yodi̇k anten,2017-06-21,2017,Ticaret
ASELSAN,TR2022012873A1,JPEG2000 ile Sıkıştırılmış İmgelerin Alt-bant Bileşenlerine Dayalı Kısmi Geri- …,2022-08-15,2022,Ticaret
ASELSAN,TR2022020155A1,Sürüş konforu geli̇şti̇ri̇len bi̇r mobi̇l x-işini ci̇hazi,2022-12-23,2022,Ticaret
ASELSAN,TR201708869A1,Bir sinyal oluşturma sistemi.,2017-06-15,2017,Ticaret
ASELSAN,TR2022014105A1,Isi borusu performansi arttirimina yöneli̇k yeni̇li̇kçi̇ oluk şeki̇lleri̇ne …,2022-09-12,2022,Ticaret
ASELSAN,TR201707541U,Düşük kayipli radyo frekansi geçi̇ş aparati,2017-05-24,2017,Ticaret
ASELSAN,TR201705438A2,Bir kontrol sistemi ve kontrol yöntemi.,2017-04-12,2017,Ticaret
ASELSAN,TR2022018219A1,Sürtünme kariştirma kaynaği i̇şlemi̇nde parçanin kontrollü soğutulmasi i̇çi̇n …,2022-11-30,2022,Ticaret
ASELSAN,TR2022019940A2,Yüksek elektron mobi̇li̇teli̇ transi̇stör (yemt) aygitlar i̇çi̇n koruyucu …,2022-12-21,2022,Anonim
ASELSAN,TR2022017104U4,Bi̇r oled aygit test ci̇hazi,2022-11-11,2022,Ticaret
ASELSAN,TR201705219U4,Bir sahil gözetleme radarı anteni.,2017-04-07,2017,Ticaret
ASELSAN,TR201705178A2,Bir anten.,2017-04-06,2017,Ticaret
ASELSAN,TR201912307A2,Akıllı fizik tedavi sistemi,2019-08-15,2019,Ticaret
ASELSAN,TR2022021069A1,Bi̇rden fazla frekans bandinda çalişan anten si̇stemleri̇ i̇çi̇n kolay üreti̇ …,2022-12-28,2022,Ticaret
ASELSAN,TR201717381A2,Bi̇r fi̇ber opti̇k dağitik akusti̇k sensör aygiti,2017-11-06,2017,A
ASELSAN,TR2022010532A1,Alçaltici-yükselti̇ci̇ çevi̇ri̇ci̇ topoloji̇si̇ modlar arasi geçi̇ş bölgesi̇ en …,2022-06-24,2022,Ticaret
ASELSAN,TR201718445U5,Trafo merkezleri̇/santraller i̇çi̇n bi̇r uzak uç bi̇ri̇mi̇,2017-11-21,2017,Ticaret
ASELSAN,TR201723128A2,Havada duran arabağlanti metali̇ fabri̇kasyon yöntemi̇,2017-12-29,2017,A
ASELSAN,TR2022010440A1,Pasi̇f döngülü ve yüzey sicakliği kontrollü sprey soğutma si̇stemi̇,2022-06-23,2022,Ticaret
ASELSAN,TR2022009707A1,Bi̇r ki̇li̇tleme aparati,2022-06-10,2022,Ticaret
ASELSAN,TR2024010439A2,Kavi̇te arkalikli bi̇r monopol anten yapisi,2024-08-09,2024,Ticaret
ASELSAN,TR201723097A2,Adapti̇f hata tahmi̇ni̇ yapan akilli bi̇r termoelektri̇k soğutucu kontrol si̇ …,2017-12-29,2017,A
ASELSAN,TR201800098U5,Kişiselleştirilmiş Kask Hazırlama Donanımı,2018-01-04,2018,Ticaret
ASELSAN,TR2022021187A1,Pozi̇syonlandirilabi̇li̇r kablo makarasi,2022-12-29,2022,Ticaret
ASELSAN,TR201800137A2,Taşit tanima si̇stemleri̇ i̇çi̇n bi̇r sunum/tanitim düzeneği̇,2018-01-05,2018,Ticaret
ASELSAN,TR2022009018A2,Yüksek frekans entegre devreleri̇ i̇çi̇n yonga boyutlu qfn plasti̇k paketleme …,2022-06-01,2022,Ticaret
ASELSAN,TR201800407A2,Prob Ucunun Düzlemselliğinin Denetlenebildiği Prob İstasyonu,2018-01-11,2018,Ticaret
ASELSAN,TR201800651U5,Bi̇r bağlanti si̇stemi̇,2018-01-17,2018,Ticaret
ASELSAN,TR2022008817A2,Bi̇r mobi̇l x-işini ci̇hazi,2022-05-30,2022,Ticaret
ASELSAN,TR201800583A2,Etkin Soğutmalı Geniş Bantlı RF Güç Yükselteç,2018-01-17,2018,Ticaret
ASELSAN,TR201800577A2,Bi̇r si̇nyal kariştirma si̇stemi̇,2018-01-17,2018,Ticaret
ASELSAN,TR201815493A1,Bi̇r yeni̇ nesi̇l sualti firlatma si̇stemi̇,2018-10-18,2018,Ticaret
ASELSAN,TR201819464A2,Sivi dozajlama üni̇tesi̇ i̇çi̇n bi̇r damlama engelleyi̇ci̇ aparat,2018-12-14,2018,A
ASELSAN,TR201819408A2,G-MODUNDA ÇALIŞAN GaN TABANLI YÜKSEK ELEKTRON MOBİLİTELİ TRANSİSTÖR (YEMT) …,2018-12-14,2018,A
ASELSAN,TR2023000115A1,Elektron Tabancaları için Katot Yerleşimi ve İzolasyonu,2023-01-04,2023,Ticaret
ASELSAN,TR2023000108A1,Modüler uzun menzi̇lli̇ akusti̇k si̇stem,2023-01-04,2023,Ticaret
ASELSAN,TR2023000128A1,Ayarlanabilir kırlangıç yataklı bağlantı mekanizması,2023-01-05,2023,Ticaret
ASELSAN,TR2023000129A1,"Fırlatılan Sistemlerde Parçalı Ayrılabilen, Programlama Ara Yüzüne Sahip …",2023-01-05,2023,Ticaret
ASELSAN,TR2023006490A1,Demi̇ryolu araçlarinin hat kapasi̇teleri̇ni̇n artirilmasini sağlayan bi̇r bi̇ …,2023-06-05,2023,Ticaret
ASELSAN,TR201820911A2,Fotolitografi işlemi için bir kenar yığını alma aparatı.,2018-12-28,2018,A
ASELSAN,TR201820998A2,Hava köprüsü i̇çeren bi̇r kapi yapisi ve bunun fabri̇kasyon yöntemi̇,2018-12-28,2018,A
ASELSAN,TR201820936A2,Faz duyarlı ozar tabanlı dağıtık akustik algılama sistemi (daas) için …,2018-12-28,2018,A
ASELSAN,TR201901538A2,Motorlu gonyometre,2019-02-01,2019,Ticaret
ASELSAN,TR201904015A2,Vakum pompasi i̇çi̇n bi̇r kontrol devresi̇,2019-03-18,2019,A
ASELSAN,TR2022008829A2,Özelli̇kle peri̇stalti̇k pompalar i̇çi̇n bi̇r hortum tutma aparati,2022-05-30,2022,Ticaret
ASELSAN,TR2021019482A1,Demi̇ryolu si̇nyali̇zasyon si̇stemleri̇nde trenleri̇n emni̇yetli̇ ayrim …,2021-12-09,2021,Ticaret
ASELSAN,TR202016261A1,Hava Nüveli Sargı Çifti,2020-10-13,2020,Ticaret
ASELSAN,TR201905736A1,Radyal dalga kilavuzlu yapiya sahi̇p bi̇r güç bi̇rleşti̇ri̇ci̇,2019-04-17,2019,Ticaret
ASELSAN,TR201908360A1,Kapi kayma sorununu azaltan bi̇r yüksek elektron mobi̇li̇teli̇ transi̇stör ( …,2019-05-31,2019,A
ASELSAN,TR2022008555A1,Akım oranı eşitleyici devre,2022-05-26,2022,Ticaret
ASELSAN,TR2022010141U4,Yön Değiştirme Mekanizması,2022-06-17,2022,Ticaret
ASELSAN,TR201911009A1,Hassas gi̇mbal si̇stemleri̇nde karşi ağirlik olarak kullanilabi̇len denge …,2019-07-23,2019,Ticaret
ASELSAN,TR2023000242A1,Deği̇şti̇ri̇lebi̇li̇r sayida modüler barut aktarabi̇len barut magazi̇ni̇,2023-01-09,2023,Ticaret
ASELSAN,TR201720418U5,Deni̇z platformlarina uygun bi̇r radar/anten şasi̇si̇,2017-12-14,2017,Ticaret
ASELSAN,TR2022018216A1,Sıkıştırılmış Algılayıcı Kamera için bir Kalibrasyon Yöntemi,2022-11-30,2022,Ticaret
ASELSAN,TR201716705A2,Bir bağlantı sistemi.,2017-10-27,2017,Ticaret
ASELSAN,TR201916030A2,Yastik bölgesi̇ i̇çeren fi̇ber opti̇k sarim üreti̇mi̇ i̇çi̇n bi̇r makara,2019-10-17,2019,A
ASELSAN,TR201917414A1,Yatay düzlemde çalışabilen teleskopik müdahale kolu,2019-11-11,2019,Ticaret
ASELSAN,TR2022007731A1,"Üç fazlı, üç seviyeli, trafosuz, düşüren evirici",2022-05-12,2022,Ticaret
ASELSAN,TR2023000237A2,Manyeti̇k tutuculu elektromekani̇k bi̇r aparat,2023-01-09,2023,Ticaret
ASELSAN,TR201918633A2,"Üç eksende i̇steni̇len kuvvette kirilabi̇len, şeki̇l bağlantili, yedeklenebi̇li …",2019-11-27,2019,Ticaret
ASELSAN,TR2022007420A2,Mayon yolu mekani̇zmasi,2022-05-06,2022,Ticaret
ASELSAN,TR2023000590A1,Yüksek bi̇t deri̇nli̇kli̇ tek kanal sikiştirmasiz vi̇deo si̇nyali̇ i̇leti̇m …,2023-01-17,2023,Ticaret
ASELSAN,TR2025006320A2,Heli̇kopterler i̇çi̇n deni̇z süzülüş hatti beli̇rleme i̇ndi̇katör aydinlatmasi …,2025-05-16,2025,Anonim
ASELSAN,TR202021406A2,Dielektriksel Olarak Derecelendirilmiş RF-Geçirgen Seramik Matris Kompozit …,2020-12-23,2020,Ticaret
ASELSAN,TR202020582A1,Giyilebilir Sağlık Ölçüm Takip Cihazı,2020-12-15,2020,Ticaret
ASELSAN,TR2024005520A1,Hava araci veri̇ toplama ci̇hazi,2024-05-07,2024,Ticaret
ASELSAN,TR2023001559A1,Farkli boyutlardaki̇ parçaçiklara yöneli̇k bi̇r tutucu mekani̇zma,2023-02-10,2023,Ticaret
ASELSAN,TR2022006313A1,Torpi̇do durdurma test düzeneği̇,2022-04-20,2022,Ticaret
ASELSAN,TR2024005954U5,L/s bant rf almaç/göndermeçler i̇çi̇n bi̇r fi̇ltre bankasi,2024-05-15,2024,Ticaret
ASELSAN,TR2024006029A1,Dağitik akusti̇k algilama si̇stemleri̇nde fi̇ber opti̇k kablo bi̇ti̇ş noktasi …,2024-05-16,2024,Ticaret
ASELSAN,TR2023001532A1,Mermi̇ ve barut aktarma si̇stemleri̇ i̇çi̇n tutucu bi̇r si̇stem,2023-02-09,2023,Ticaret
ASELSAN,TR202019736A2,Tespi̇t uygulamalari i̇çi̇n gürültü önleme metodu,2020-12-04,2020,Ticaret
ASELSAN,TR2022008989U4,Tekrar kullanilabi̇len kablo ağaci aparati,2022-06-01,2022,Ticaret
ASELSAN,TR2024007452A1,Yük platformlari i̇çi̇n branda kapatma mekani̇zmasi,2024-06-10,2024,Ticaret
ASELSAN,TR2024007454A1,Konnektör canli uç kesme i̇şlemi̇ i̇çi̇n bi̇r el aleti̇,2024-06-10,2024,Ticaret
ASELSAN,TR2024007830A1,Bi̇r ti̇p-2 süperörgülü yarii̇letken aygit epi̇taksi̇yel yapisi i̇çi̇n bi̇r …,2024-06-14,2024,Anonim
ASELSAN,TR202017999U4,Kablo takimlari i̇çi̇n deneti̇m si̇stemi̇,2020-11-11,2020,Ticaret
ASELSAN,TR202017188A1,Dört eksenli bir pozisyonlama platformu,2020-10-27,2020,Ticaret
ASELSAN,TR2024008504A1,Mukavi̇m kapakli ve genleşme odacikli bi̇r firlatma namlu yapilanmasi,2024-07-02,2024,Ticaret
ASELSAN,TR2023003386U4,Katlanabi̇li̇r merdi̇venli̇ bakim platformu,2023-03-28,2023,Ticaret
ASELSAN,TR2024008528A1,Alumi̇nyum ve bakir yüzeylere uygun bi̇r altin kaplama yöntemi̇,2024-07-03,2024,Ticaret
ASELSAN,TR202016634A1,"Havan, obüs ve di̇ğer top si̇stemleri̇ i̇çi̇n bi̇r geri̇ tepme mekani̇zmasi",2020-10-19,2020,Ticaret
ASELSAN,TR2024010370A1,Bobi̇nleri̇n homojen bi̇r şeki̇lde soğutulmasini sağlayan bi̇r yönlenci̇ri̇ci̇ …,2024-08-08,2024,Ticaret
ASELSAN,TR2025003961U5,Bi̇r peri̇skop si̇stemi̇,2025-04-03,2025,Anonim
ASELSAN,TR2023000592A1,Sikiştirmasiz vi̇deo i̇çeri̇ği̇ne metadata yazma yöntemi̇,2023-01-17,2023,Ticaret
ASELSAN,TR2022008985U4,Taşinabi̇li̇r konsol yapilanmasi,2022-06-01,2022,Ticaret
ASELSAN,TR202015506A1,Görüş sistemleri için bir kayar zırh mekanizması,2020-09-30,2020,Ticaret
ASELSAN,TR202014954A1,Koruma Kapaklı Devirmeli Anahtar Test Düzeneği,2020-09-21,2020,Ticaret
ASELSAN,TR2024009669A1,Hareketli̇ tirnak i̇le etki̇nleşen mekani̇k bi̇r emni̇yet freni̇,2024-07-25,2024,Ticaret
ASELSAN,TR202014766U4,Hava temi̇zleyi̇ci̇ bi̇r gözlük,2020-09-17,2020,Ticaret
ASELSAN,TR202014489A1,Harekete yasak alanlardan sakinmak i̇çi̇n bi̇lgi̇sayar uygulamali bi̇r yöntem …,2020-09-14,2020,Ticaret
ASELSAN,TR202013870A1,Hibrit görüntü stabilizasyon sistemi,2020-09-02,2020,Ticaret
ASELSAN,TR2024010371A2,Doğrusal polari̇zasyon taki̇bi̇ sağlayan bi̇r di̇k mod ayriştiriciya sahi̇p bi̇ …,2024-08-08,2024,Ticaret
ASELSAN,TR2024008533A1,Fiber Optik Döner Eklem Montajında Kullanılan Kolimatöre Yönelik Bir Aktif …,2024-07-03,2024,Ticaret
ASELSAN,TR2024010436A2,Bi̇r uçtan işima örüntülü mi̇nyaturi̇ze yönlü anten,2024-08-09,2024,Ticaret
ASELSAN,TR202011398U4,Kendinden Aydınlatmalı ve Modüler Namlu Ucu Aparatı,2020-07-17,2020,Ticaret
ASELSAN,TR202011176A2,Konteynerden oluşan bi̇r radar test kulesi̇,2020-07-14,2020,Ticaret
ASELSAN,TR202010923U4,Si̇lah si̇stemi̇ kullanimindan sorumlu operatörleri̇n kullanima uygun durumda …,2020-07-09,2020,Ticaret
ASELSAN,TR202010661A1,Alt bant-üst bant birleşik anten elemanı,2020-07-06,2020,Ticaret
ASELSAN,TR2024012090A2,Di̇nami̇k alan anahtarlamali bi̇r alma hat yapisi,2024-09-12,2024,Anoni̇m
ASELSAN,TR202009771A2,Koaksiyel kablo dış ceket soyma ve konikleme makinesi,2020-06-23,2020,Ticaret
ASELSAN,TR202016571A2,Yüksek basinç pompali bi̇r cam yikama si̇stemi̇,2020-10-16,2020,Ticaret
ASELSAN,TR202000842A1,Bi̇r analog gürültü üreteci̇,2020-01-20,2020,Ticaret
ASELSAN,TR201919493A1,Kaynak önceli̇klendi̇rmeli̇ kesi̇nti̇si̇z güç si̇stemi̇,2019-12-06,2019,Ticaret
ASELSAN,TR2023001037A1,Bir Nakliye Kilidi,2023-01-30,2023,Ticaret
ASELSAN,TR2023001006A1,Hava araclari i̇çi̇n bi̇r aerodi̇nami̇k pod,2023-01-27,2023,Ticaret
ASELSAN,TR201919185A2,Teti̇k grubu,2019-12-04,2019,Ticaret
ASELSAN,TR2022007131A1,Çi̇ft kullanimli tablet bi̇lgi̇sayar çantasi,2022-04-29,2022,Ticaret
ASELSAN,TR2022007348A2,Mühimmat hizalama mekanizması,2022-05-05,2022,Ticaret
ASELSAN,TR201918840A2,Zirhli araç kapak ve ki̇li̇t mekani̇zmasi,2019-11-29,2019,Ticaret
ASELSAN,TR2024003176U4,Bi̇r bga yeni̇den i̇şleme si̇stemi̇,2024-03-15,2024,Ticaret
ASELSAN,TR2024004237A1,Bi̇r kontrollü kavramali çevi̇rme kolu mekani̇zmasi,2024-04-04,2024,Ticaret
ASELSAN,TR202100126A1,Rf si̇nyaller i̇çi̇n fpga tabanli düşük geci̇kmeli̇ frekans akti̇vi̇te detektör …,2021-01-06,2021,Ticaret
ASELSAN,TR2024003717A1,Bi̇r alttaş kaplama si̇stemi̇,2024-03-26,2024,Ticaret
ASELSAN,TR202100197A1,Kamera Görüntüsü Üzerinden Kuzeye Göre Yönelim Tespit Yöntemi,2021-01-07,2021,Ticaret
ASELSAN,TR2024009531U4,Bi̇r çok fonksi̇yonlu ekran,2024-07-23,2024,Ticaret
ASELSAN,TR2024009453U4,Bi̇r uyari paneli̇,2024-07-22,2024,Ticaret
ASELSAN,TR202100266A2,Otomati̇k veya manuel olarak kullanilabi̇len kablo makara si̇stemi̇,2021-01-08,2021,Ticaret
ASELSAN,TR2024002633A1,Si̇lah geri̇ tepme atiş deplasman si̇mülasyonu test düzeneği̇,2024-03-05,2024,Ticaret
ASELSAN,TR2024008604A2,Bi̇r konektör bağlanti terti̇bati,2024-07-04,2024,Ticaret
ASELSAN,TR2024008578U4,Ayak ve ayak bi̇leği̇ni̇ kaplayan gi̇yi̇lebi̇li̇r bi̇r diş i̇skelet destek …,2024-07-03,2024,Ticaret
ASELSAN,TR202101466A2,Gerçek zamanli i̇leti̇şi̇mde anahtar deği̇şti̇rme yöntemi̇,2021-02-01,2021,Ticaret
ASELSAN,TR2024007797U4,Bi̇r kablo kesme ve soyma maki̇nasi,2024-06-14,2024,Ticaret
ASELSAN,TR2024001763A1,Bi̇r hassas ayar mekani̇zmasi,2024-02-14,2024,Ticaret
ASELSAN,TR2024007457A1,Üç boyutlu frekans seçi̇ci̇ yüzey üreti̇m yöntemi̇,2024-06-10,2024,Ticaret
ASELSAN,TR2024001666A1,Bi̇r kanat açma mekani̇zmasi,2024-02-13,2024,Ticaret
ASELSAN,TR2024007069U4,Modüler yapiya sahi̇p şok uygulayici i̇çeren bi̇r manuel hari̇ci̇ defi̇bri̇ …,2024-06-04,2024,Ticaret
ASELSAN,TR202101688A1,"Açı korumalı, ayarlanabilir ve katlanabilir bir konsol",2021-02-04,2021,Ticaret
ASELSAN,TR2021004334A1,Bir Örnekleme Yöntemi,2021-03-05,2021,Ticaret
ASELSAN,TR2024000923A1,Bi̇r pi̇m çekme mekani̇zmasi,2024-01-25,2024,Ticaret
ASELSAN,TR2021006729A1,SHA-2 kıyımı için döngü açma ve boru hattı tasarım yöntemi ile mesaj sıkıştırma …,2021-04-16,2021,Ticaret
ASELSAN,TR2024000414A1,Hassas renk tespi̇ti̇ sağlayan bütünleşi̇k nesne ve renk tespi̇ti̇ gerçekleşti̇ …,2024-01-15,2024,Ticaret
ASELSAN,TR2024000377A1,Bi̇r ti̇treşi̇m test fi̇kstürü,2024-01-12,2024,Ticaret
ASELSAN,TR2023019525A1,Elektroni̇k harp si̇stemleri̇nde almaç ve çevre bi̇ri̇mleri̇n ayarli …,2023-12-29,2023,Ticaret
ASELSAN,TR2023019234A1,Bi̇r araca entegre gömülü nesne tespi̇t si̇stemi̇ ve yöntemi̇,2023-12-28,2023,Ticaret
ASELSAN,TR2023018780A1,Çok i̇şlevli̇ gösterge,2023-12-27,2023,Ticaret
ASELSAN,TR2021011002A1,Fpga üzeri̇nde gerçek zamanli x-model/plus-model fi̇ltre i̇le yüksek kali̇teli̇ …,2021-07-06,2021,Ticaret
ASELSAN,TR2023018502A1,Modüler yapiya sahi̇p bi̇r soğutucu,2023-12-26,2023,Ticaret
ASELSAN,TR2023018057A1,İzolatör üzeri̇ kompakt düşük kayipli si̇nyal bi̇rleşti̇ri̇ci̇/bölücü i̇çeren …,2023-12-22,2023,Ticaret
ASELSAN,TR2021012587A1,Sıkıştırılmış algılama sözlük matrislerinin sıkıştırılarak yön bulma …,2021-08-10,2021,Ticaret
ASELSAN,TR2024004239U4,Bakimi kolay yapilabi̇len pancake kayar bi̇lezi̇k yapilanmasi,2024-04-04,2024,Ticaret
ASELSAN,TR2024004048U4,Bütünleşi̇k bi̇r kizilötesi̇ modül si̇stemi̇,2024-04-02,2024,Ticaret
ASELSAN,TR2021013721A2,"Yüksek RF Geçirgenlikli, Düşük Yoğunluklu Sentaktik Köpük ve Üretim Yöntemi",2021-09-01,2021,Ticaret
ASELSAN,TR2021013723A1,Termal kamera görüntüleri̇ndeki̇ bi̇rörnek olmayan dağilimi düzeltmek üzere …,2021-09-01,2021,Ticaret
ASELSAN,TR2021013759A1,X-ray Çift Bant Görüntüleme ile Organik/İnorganik Materyal Sıyırma Yöntemi,2021-09-02,2021,Ticaret
ASELSAN,TR2023009149A1,FPGA Üzerinde Yüksek Hassasiyetli Lazer Tespit Sistemi ve Yöntemi,2023-08-01,2023,Ticaret
ASELSAN,TR2023017074A1,Kullanici arayüzü kullanilan projelerde otomati̇ze si̇stem entegrasyon testi̇ …,2023-12-12,2023,Ticaret
ASELSAN,TR2021013858A2,Gömülü ortamlar i̇çi̇n deri̇n öğrenme uygulamalarini geli̇şti̇rmeye yöneli̇k bi …,2021-09-03,2021,Ticaret
ASELSAN,TR2023016572A1,Bi̇r taşima ve montaj aparati,2023-12-06,2023,Ticaret
ASELSAN,TR2021014493A1,Dağitilmiş durum maki̇neleri̇ i̇çi̇n ön geli̇şti̇rmede i̇şbi̇rli̇kli̇ yol tahmi …,2021-09-16,2021,Ticaret
ASELSAN,TR2021014769A1,Namlulu silah sistemlerinde yapılan atışın sayım doğruluğunu artıran yöntem,2021-09-21,2021,Ticaret
ASELSAN,TR2024003170A2,Bi̇r kablo seri̇m si̇stemi̇,2024-03-15,2024,Ticaret
ASELSAN,TR2024003330A1,Bi̇r elektroni̇k kart ayirma ci̇hazi,2024-03-19,2024,Ticaret
ASELSAN,TR2024003174U4,Buhar kaplama si̇stemleri̇ i̇çi̇n bi̇r sabi̇tleme aparati,2024-03-15,2024,Ticaret
ASELSAN,TR202022068A1,Baskılı devre kartları için ısıl iletimli bir montaj mekanizması,2020-12-28,2020,Ticaret
ASELSAN,TR2023016384A1,Fiber optik sensör ile nikel alaşımların manyetik kalkanlama karakterizasyonu …,2023-12-04,2023,Ticaret
ASELSAN,TR2023015842A1,Anten yapilanmalarinda kullanima uygun bi̇r bi̇rleşti̇rme yöntemi̇,2023-11-27,2023,Ticaret
ASELSAN,TR2023015694A2,Çok i̇şlemci̇li̇ avi̇yoni̇k si̇stemlerde saat eşzamanlama yöntemi̇,2023-11-24,2023,Ticaret
ASELSAN,TR2021014955A1,Yüksek basinçli pnömati̇k dengeleyi̇ci̇,2021-09-24,2021,Ticaret
ASELSAN,TR2021015352A1,Gi̇yi̇lebi̇li̇r saha eki̇pmanlari i̇çi̇n durumsal farkindalik si̇stemi̇,2021-10-01,2021,Ticaret
ASELSAN,TR2021015790U4,Ayarlanabi̇li̇r emi/emc paneli̇,2021-10-11,2021,Ticaret
ASELSAN,TR2021015791A2,Farkli kanal frekanslari olan mi̇mari̇ler i̇çi̇n i̇ki̇li̇ mi̇kroşeri̇t si̇ …,2021-10-11,2021,Ticaret
ASELSAN,TR2021015794A1,Görüntü aşağı ölçekleme yöntemi,2021-10-11,2021,Ticaret
ASELSAN,TR2023005190A2,Esneyerek di̇şli̇ boşluğu alan mekani̇zma,2023-05-10,2023,Ticaret
ASELSAN,TR2023005285A1,Bi̇r soğutucu kasa,2023-05-11,2023,Ticaret
ASELSAN,TR2022000892U4,El kumanda bi̇ri̇mi̇,2022-01-24,2022,Ticaret
ASELSAN,TR2021021970A1,Sivi soğutmali bi̇r elektroni̇k ci̇haz kasasi,2021-12-30,2021,Ticaret
ASELSAN,TR2021021932A2,Ti̇treşi̇m altinda performans artimi sağlayan dönüölçer kali̇brasyon yöntemi̇,2021-12-30,2021,Ticaret
ASELSAN,TR2021021925A2,Dağitik akusti̇k algilama si̇stemleri̇nde kanal farklarini telafi̇ etmek i̇çi̇n …,2021-12-30,2021,Ticaret
ASELSAN,TR2021021953A1,Elektronik kartların soğutulmasını sağlayan soğutucu kasa,2021-12-30,2021,Ticaret
ASELSAN,TR2023006278A1,Stabi̇li̇ze gi̇mbal si̇stemi̇ i̇çi̇n bi̇r stati̇k dengeleme si̇stemi̇ ve …,2023-05-31,2023,Ticaret
ASELSAN,TR2023009551A1,Dost-düşman tanima si̇stemleri̇ i̇çi̇n bi̇r test si̇stemi̇,2023-08-09,2023,Ticaret
ASELSAN,TR2023006481A1,Bi̇r mühi̇mmat çikarma ci̇hazi,2023-06-05,2023,Ticaret
ASELSAN,TR2021021919A2,Dağitik akusti̇k algilama si̇stemleri̇ i̇çi̇n si̇nyal kaybi tespi̇t metodu,2021-12-30,2021,Ticaret
ASELSAN,TR2021021969A1,Aviyonik Yazılımlarda Etkin HAT Analiz Gösterim Yöntemi,2021-12-30,2021,Ticaret
ASELSAN,TR2021021939U4,Araçlar i̇çi̇n bi̇r ri̇sk anali̇z si̇stemi̇,2021-12-30,2021,Ticaret
ASELSAN,TR2021021405U4,Taşiyici platformlar i̇çi̇n teleskobi̇k düzleme si̇stemi̇,2021-12-28,2021,Ticaret
ASELSAN,TR2021020519A1,Hassas debi̇ ölçümü sağlayan bi̇r hizli bağlanti grubu,2021-12-21,2021,Ticaret
ASELSAN,TR2023007353A1,Dai̇resel polari̇zasyonla çalişan rf bi̇leşen ölçüm si̇stemi̇ i̇çi̇n kali̇ …,2023-06-21,2023,Ticaret
ASELSAN,TR2023011214U4,Salanlar i̇çi̇n bi̇r kilavuz mekani̇zmasi,2023-09-11,2023,Ticaret
ASELSAN,TR2021020387A2,Kablaj tahtası üretim sistemi,2021-12-20,2021,Ticaret
ASELSAN,TR2021020316A2,Otomatize Kart Panelden Ayırma Sistemi,2021-12-17,2021,Ticaret
ASELSAN,TR2021018989A2,Oluklu isi borularinin 3-boyutlu olarak benzeti̇mlenmesi̇ amaciyla ti̇cari̇ …,2021-12-02,2021,Ticaret
ASELSAN,TR2023017307U4,Bi̇r taşima aparati,2023-12-14,2023,Ticaret
ASELSAN,TR2021015796A1,Bi̇r kurma mekani̇zmasi,2021-10-11,2021,Ticaret
ASELSAN,TR2021020602U4,Direk üzerinde dikey olarak konumlanmış güneş panelleri içeren yenilenebilir …,2021-12-21,2021,Ticaret
ASELSAN,TR2023009228A1,Sizdirmaz bi̇r çabuk bağlanti elemani i̇çeren bi̇r sizdirmaz kutu,2023-08-02,2023,Ticaret
ASELSAN,TR2023009496A1,Yonca ti̇pi̇ si̇metri̇k yerleşi̇me sahi̇p çok yollu şeri̇t hatli bi̇r güç …,2023-08-08,2023,Ticaret
ASELSAN,TR2021019874A1,Si̇ncap kafesli̇ asenkron maki̇nalarin tork/hiz kontrolü i̇çi̇n yarim kapali- …,2021-12-14,2021,Ticaret
ASELSAN,TR2023009795A1,Kenar korumali gradyan i̇stati̇sti̇ği̇ tabanli bi̇r bi̇lgi̇sayar uygulamali x- …,2023-08-14,2023,Ticaret
ASELSAN,TR2023009796A2,"Bi̇r anten elemani, yalitimli bi̇r anten di̇zi̇si̇ ve anten di̇zi̇si̇ni̇ …",2023-08-14,2023,Ticaret
ASELSAN,TR2023010275A1,Aralikli ağaç veri̇ yapisiyla veri̇ tabani sorgulamasi yöntemi̇,2023-08-23,2023,Ticaret
ASELSAN,TR2023010284A1,Bi̇r elektromanyeti̇k şaft ve bu elektromanyeti̇k şafti i̇çeren bi̇r …,2023-08-23,2023,Ticaret
ASELSAN,TR2021020342A1,Di̇elektri̇k rezonatör fi̇ltre i̇çi̇n ayarlanabi̇li̇r kapasi̇ti̇f kuplaj …,2021-12-17,2021,Ticaret
ASELSAN,TR2021018512A2,Farkli metal bi̇rleşi̇mi̇ i̇le pasi̇f soğutucu plaka oluşturma yöntemi̇,2021-11-25,2021,Ticaret
ASELSAN,TR2021017914A1,İki̇ kanalli döner eklem,2021-11-17,2021,Ticaret
ASELSAN,TR2021017695A1,Kablosuz haberleşme uygulamalarinda kullanilmaya uygun olan bi̇r i̇nce fi̇lm …,2021-11-12,2021,Ticaret
ASELSAN,TR2023015475U4,Elektroni̇k ci̇hazlar i̇çi̇n bi̇r bakim kapaği,2023-11-21,2023,Ticaret
ASELSAN,TR2021017694A1,Dual mod di̇elektri̇k rezonatör fi̇ltre i̇çi̇n kaynak eşleme yariği,2021-11-12,2021,Ticaret
ASELSAN,TR2023016528U4,Alttaş i̇çi̇n bi̇r taşima aparati,2023-12-05,2023,Ticaret
ASELSAN,TR2021017100A1,Tümleşi̇k anten mekani̇zmasi,2021-11-03,2021,Ticaret
ASELSAN,TR2023009147A1,Bi̇r kokpi̇t test si̇stemi̇,2023-08-01,2023,Ticaret
ASELSAN,TR2023017849U4,Bi̇r basinç ölçüm aparati,2023-12-20,2023,Ticaret
ASELSAN,TR2023012047A2,Bi̇r adsorpsi̇yonlu soğutma si̇stemi̇,2023-09-27,2023,Ticaret
ASELSAN,TR2023019485U4,Navi̇gasyon si̇stemleri̇ i̇çi̇n otonom test si̇stemi̇,2023-12-29,2023,Ticaret
ASELSAN,TR2021017048A2,Gaz geri̇ tepmeli̇ bi̇r si̇lahin besleme mekani̇zmasinin teti̇k solenoi̇di̇ i̇ …,2021-11-02,2021,Ticaret
ASELSAN,TR2021016033A1,Ayarlanabi̇li̇r spektral tepki̇selli̇ğe sahi̇p mi̇krobolometre dedektör,2021-10-14,2021,Ticaret
ASELSAN,TR2023013811A2,Kablosuz ci̇hazlar i̇çi̇n bi̇r mesafelendi̇rme ve bi̇r kanal eri̇şi̇m yöntemi̇ …,2023-10-26,2023,Ticaret
ASELSAN,TR2023014255A1,Bi̇r ki̇li̇t mekani̇zmasi,2023-11-02,2023,Ticaret
ASELSAN,TR2023014736A1,Süpersoni̇k füzelerde kalinlik boyunca hari̇ci̇ akiş isinmasi kaynakli zamana …,2023-11-09,2023,Ticaret
ASELSAN,TR2022000775A1,Frekans taramali antenler i̇çi̇n bi̇r anten bi̇leşeni̇ ve çok sayida anten bi̇ …,2022-01-21,2022,Ticaret
ASELSAN,TR2022006350A2,"Bi̇rden fazla farkli örnekleme hizlarinda örnekleme yapan, geni̇ş bantli, …",2022-04-20,2022,Ticaret
ASELSAN,TR2022006254A1,Fiber Optik Dönüölçer Ölübölge Hatasını Giderme Yöntemi,2022-04-19,2022,Ticaret
ASELSAN,TR2022005960A1,Zirhli araç diş bi̇ri̇m entegrasyon kutusu,2022-04-14,2022,Ticaret
ASELSAN,TR2023001996A1,Yüksek performansli geni̇ş bant mi̇nyatür anten yapilanmasi,2023-02-22,2023,Ticaret
ASELSAN,TR2023002067U5,Kayar bi̇lezi̇kleri̇n kali̇fi̇kasyon testleri̇ esnasinda elektri̇ksel …,2023-02-24,2023,Ticaret
ASELSAN,TR2022005885A2,Yüksekli̇ği̇ deği̇şti̇relebi̇li̇r bi̇r peri̇skop ve bu peri̇skopu i̇çeren bi̇r …,2022-04-13,2022,Ticaret
ASELSAN,TR2023002140A1,Sinir Ağlarından Sayısal Mantık Kapısı Devrelerine- Önceden Eğitilmiş …,2023-02-27,2023,Ticaret
ASELSAN,TR2023002232A1,Blok zi̇nci̇r sayisi ayarlanabi̇len bi̇r blok zi̇nci̇r si̇stemi̇,2023-02-28,2023,Ticaret
ASELSAN,TR2022005679A2,Kizilötesi̇ kameralar i̇çi̇n ölü ve kötü pi̇ksel gi̇derme yöntemi̇,2022-04-08,2022,Ticaret
ASELSAN,TR2022005680A1,Elektro-opti̇k sensör bi̇ri̇mleri̇ i̇çi̇n modüler akilli elektroni̇k kart mi̇ …,2022-04-08,2022,Ticaret
ASELSAN,TR2023002884A1,Soğutma kapasi̇tesi̇ deği̇şti̇ri̇lebi̇li̇r sağlamlaştirilmiş bi̇r görev bi̇lgi̇ …,2023-03-15,2023,Ticaret
ASELSAN,TR2023001555A1,Halka di̇şli̇ye monte edi̇lebi̇len büyük i̇ç çap boşluklu ve i̇ç çaptan temas …,2023-02-10,2023,Ticaret
ASELSAN,TR2022005093A2,Kati hal güç yükselti̇ci̇ler i̇çi̇n bi̇r düzlemsel bi̇rleşti̇ri̇ci̇ si̇stemi̇,2022-04-01,2022,Ticaret
ASELSAN,TR2022006367U4,Bi̇rleşi̇k kontrol bi̇ri̇mi̇,2022-04-20,2022,Ticaret
ASELSAN,TR2023003062A2,Bi̇r ölçüm güncelleme yöntemi̇,2023-03-20,2023,Ticaret
ASELSAN,TR2022006353U4,İkaz ve alarm si̇stemi̇ne sahi̇p bi̇r di̇rek yapilanmasi,2022-04-20,2022,Ticaret
ASELSAN,TR2022006175U4,Manuel harici defibrilatör çantası,2022-04-18,2022,Ticaret
ASELSAN,TR2023003356A1,Elektro-opti̇k bi̇r si̇stem kullanimi i̇le topçu si̇stemleri̇nde si̇lah tevci̇ …,2023-03-28,2023,Ticaret
ASELSAN,TR2023003391A1,Bi̇r gi̇zli̇ anahtar saklama ve eri̇şi̇m si̇stemi̇ ve yöntemi̇,2023-03-28,2023,Ticaret
ASELSAN,TR2022005963U4,Modüler yapiya sahi̇p kontrol paneli̇,2022-04-14,2022,Ticaret
ASELSAN,TR2023006289U4,IP Tabanlı Uydu Haberleşme Sistemi için HUB modem,2023-05-31,2023,Ticaret
ASELSAN,TR2023006286U4,IP Tabanlı Uydu Haberleşme Sistemlerinde Kullanılmaya Uygun Bir Kullanıcı …,2023-05-31,2023,Ticaret
ASELSAN,TR2023006269U4,Hava araçlari i̇çi̇n bi̇r konfi̇gürasyon ci̇hazi,2023-05-31,2023,Ticaret
ASELSAN,TR2022002490A1,Kovan yönlendirme mekanizması,2022-02-23,2022,Ticaret
ASELSAN,TR2023006370U4,Takti̇k tekerlekli̇ araçlar i̇çi̇n düşük si̇lüetli̇ üstyapi,2023-06-01,2023,Ticaret
ASELSAN,TR2023003623A1,Teti̇kleme si̇nyalleri̇ni̇ uzak mesafeden i̇leten bi̇r test si̇stemi̇,2023-04-03,2023,Ticaret
ASELSAN,TR2023003705A1,Adapti̇f sinirlama i̇le dcp tabanli gerçek zamanli vi̇deo si̇s kaldirma i̇şlemi …,2023-04-04,2023,Ticaret
ASELSAN,TR2023003707A1,"Çoklu i̇nsansiz hava, deni̇z ve kara araçlari i̇çi̇n bi̇r bağil konum beli̇ …",2023-04-04,2023,Ticaret
ASELSAN,TR2022004253U4,Tren raylari i̇çi̇n yön beli̇rleme si̇stemi̇,2022-03-21,2022,Ticaret
ASELSAN,TR2022002022A1,Üç eksenel yönde dönen sabi̇tleme mekani̇zmasi,2022-02-16,2022,Ticaret
ASELSAN,TR2023003812A1,Stati̇k patlatma test tapasi,2023-04-06,2023,Ticaret
ASELSAN,TR2022002012A1,"Düşük Dielektrik Katsayılı, Yüksek Mukavemetli, Aralayıcı Özellikli, Metal …",2022-02-16,2022,Ticaret
ASELSAN,TR2023004024A2,Giyilebilir Teknolojiler İçin Elektriksel İletkenlik Kazandırılmış E-Tekstil …,2023-04-12,2023,Ticaret
ASELSAN,TR2022001960A2,Askeri araçlar için SSD kutusu,2022-02-15,2022,Ticaret
ASELSAN,TR2023005037A1,Bi̇r barut aktarma si̇stemi̇,2023-05-05,2023,Ticaret
ASELSAN,TR2022001130A1,Kontak teli̇ kesme mekani̇zmasi,2022-01-28,2022,Ticaret
ASELSAN,TR2022002372U4,Elektroni̇k bi̇leşenler i̇çi̇n soğutma sağlayan çi̇ft yüzey soğutmali plaka,2022-02-22,2022,Ticaret
ASELSAN,TR2023008150U4,Eksenel ve deği̇şken konumlu radyal yüklemeye sahi̇p döner mi̇llerde sizdirmaz …,2023-07-12,2023,Ticaret
ASELSAN,TR201820294U5,Bir sahte tank.,2018-12-25,2018,Anoni̇m
ASELSAN,TR202021883A1,Bi̇r yapiştirici uygulama aparati,2020-12-28,2020,Anoni̇m
ASELSAN,TR202022535A1,Bi̇r sarim makarasi,2020-12-30,2020,Anoni̇m
ASELSAN,TR202013602A1,Adaptive histogram equalization with global-based adaptive contrast limit,2020-08-28,2020,Anoni̇m
ASELSAN,TR201401751T1,A system and method for optimizing fiducial marker and camera positions/ …,2013-04-12,2013,Ticaret
ASELSAN,TR201412400A1,Fast and accurate design method for broadband multi-layered radar absorbers.,2014-10-22,2014,Ticaret
ASELSAN,TR202005532A1,A METHOD TO IMPROVE THE PERFORMANCE OF UPWAY CONNECTION NON-ORANGLE MULTI- …,2020-04-07,2020,Ticaret
ASELSAN,TR201910431A2,"A MULTI-FUNCTIONAL UNMANNED AERIAL VEHICLE WITH TILTABLE COAXIAL, COUNTER- …",2019-07-12,2019,Ticaret
ASELSAN,TR202016016A2,A COMPUTER IMPLEMENTED METHOD AND A DATA PROCESSING APPARATUS FOR CHANNEL …,2020-10-08,2020,Ticaret
ASELSAN,TR201410120A2,High efficiency battery charging method and device with solar panel using …,2014-08-28,2014,Ticaret
ASELSAN,TR200708404U,A chaff / flare beat system.,2007-12-04,2007,Anoni̇m
ASELSAN,TR201914300A2,AUTOMATED FAULT FOLLOW-UP AND MANAGEMENT METHOD,2019-09-20,2019,Anonim
ASELSAN,TR201904256A2,P-InAs / P-InN HETEROEKEM BASED HIGHLY MOBILITY TRANSISTOR DEVICE STRUCTURE AND …,2019-03-21,2019,A
ASELSAN,TR202013988A1,CENTRAL GEARBOX MECHANISM WORKING WITH REMOTE ELECTRIC SWITCHING MODULE,2020-09-03,2020,Anoni̇m
ASELSAN,TR202007033A2,Vibration damping system with adjustable flexibility,2020-05-06,2020,A
ASELSAN,TR200804969A2,Complex wavelet tracer,2008-07-04,2008,Anon�M
ASELSAN,TR201815022T1,SYSTEM AND METHOD FOR PASSIVE OPTIMIZATION OF THE FOCUS OF AN OPTICAL SYSTEM,2016-05-25,2016,Ticaret
ASELSAN,TR202017018A1,Heat Pipe Design and Analysis Method with High Solution Speed,2020-10-26,2020,Ticaret
ASELSAN,TR2022009710A1,"Single-phase, three-level, buck-boost inverter",2022-06-10,2022,Ticaret
ASELSAN,TR2022018221A2,A MAGNETIC FIELD MEASURING DEVICE FOR DETECTION OR IMAGING OF MAGNETIC …,2022-11-30,2022,Ticaret
ASELSAN,TR201710777A2,A WEIGHT CENTER FIXING SYSTEM,2017-07-24,2017,Ticaret
ASELSAN,TR201905770A2,Configurable automatic test infrastructure,2019-04-18,2019,Ticaret
ASELSAN,TR202013601A1,Variable clipping level calculation method for the CLAHE algorithm,2020-08-28,2020,Ticaret
ASELSAN,TR202015269A1,META TAGS GENERATION METHOD FOR LEARNING FROM DIRTY TAGS,2020-09-25,2020,Ticaret
ASELSAN,TR202016333A1,METHOD AND APPARATUS BASED ON PHASE CORRECTION IN PILOT PATTERN DIVISION FOR …,2020-10-13,2020,Ticaret
ASELSAN,TR2021015228A2,SINGLE OR HYBRID NANO ADDITIVE COATING METHOD TO ADD HIGH CONDUCTIVITY TO …,2021-09-29,2021,Ticaret
ASELSAN,TR201800404A2,Ferrite Phase Shifter That Can Withstand High Average RF Power,2018-01-11,2018,Ticaret
ASELSAN,TR202000207A2,Particle erosion shot test method for low and high velocities,2020-01-07,2020,Ticaret
ASELSAN,TR202007444A1,AN EQUIPMENT THAT PROVIDES BOTH MAGNETIC PARTICLE IMAGING AND MAGNETIC …,2020-05-13,2020,Ticaret
ASELSAN,TR2021013725A1,MAXIMUM TORQUE CALCULATION METHOD APPLICABLE FOR ELECTRIC VEHICLE ENGINES,2021-09-01,2021,Ticaret
ASELSAN,TR2021016355A2,Real-time multiple target detection method implemented on FPGA,2021-10-20,2021,Ticaret
ASELSAN,TR2022005961A1,Physical destruction system against mini/micro unmanned aerial vehicles.,2022-04-14,2022,Ticaret
ASELSAN,TR201920634A1,LIQUID COOLED MULTILAYER COOLING PLATE,2019-12-18,2019,Ticaret
ASELSAN,TR201801092U5,THE SYSTEM THAT ENABLES THE IMAGE TO BE REFLECTED WITHOUT SHADOWS,2018-01-25,2018,Ticaret
ASELSAN,TR2022013535A1,ARINC-429 IP CORE DESIGN,2022-08-29,2022,Ticaret
ASELSAN,TR201720526A2,ANTENNA ARRAY WITH ULTRA-WIDE BAND AND HIGH POLARIZATION PURITY,2017-12-15,2017,Ticaret
ASELSAN,TR201104728A2,"A transfer system and methodology that is cooperative, flexible and does not …",2011-05-13,2011,Anon�M
ASELSAN,TR201907410A2,A Phase Matching Method for Clock Markers,2019-05-16,2019,Anonim
ASELSAN,TR201913494A1,Network Traffic Shaping System Running on IP Encoder Unit,2019-09-06,2019,A
ASELSAN,TR202001438A2,A DAMPING STRUCTURE,2020-01-30,2020,A
ASELSAN,TR202003643A1,ANTENNA WITH LOW PROFILE AND HIGH CROSS POLARIZATION INSULATION,2020-03-10,2020,A
ASELSAN,TR201901897A2,COIL PRODUCTION METHOD THAT CAN BE USED AT HIGH VOLTAGE AND CURRENT,2019-02-07,2019,Anonim
ASELSAN,TR202011361A1,A MINIATURE VALVE WITH A DIAPHRAGM,2020-07-17,2020,Anoni̇m
ASELSAN,TR201010490A2,A turret with remote control.,2010-12-15,2010,Anon�M
ASELSAN,TR201905907A1,Multitasking Learning and Simultaneous Signal Detection with Iterative Neural …,2019-04-19,2019,Anonim
ASELSAN,TR201914546A2,A METHOD TO REDUCE THE EFFECT OF FRICTION,2019-09-25,2019,Anonim
ASELSAN,TR201915687A1,CONSTRUCTION OF A BOTTOM FEED WEAPON TURRET,2019-10-11,2019,Anonim
ASELSAN,TR201916178A2,DUAL RISE DRIVE WEAPON TURRET,2019-10-21,2019,Anonim
ASELSAN,TR201916234U4,Cable Assembly Kit,2019-10-22,2019,Anonim
ASELSAN,TR201916356A1,THIN TYPE PRECISION LABORATORY JACK,2019-10-23,2019,Anonim
ASELSAN,TR201917345A2,DRAWING CRANE CABLE WRAPPING MECHANISM,2019-11-08,2019,Anonim
ASELSAN,TR201918756A2,One fiber optical distributed acoustic sensor including two photodetectors,2019-11-29,2019,A
ASELSAN,TR201919973A2,Supply voltage adjustment system and method depending on temperature.,2019-12-12,2019,Anonim
ASELSAN,TR201920068A2,Hybrid state estimation method at substation level,2019-12-12,2019,Anonim
ASELSAN,TR201921981A2,"HIGH CAPACITANCE CAPACITOR CONTAINING NANOparticles, CAPACITOR STRUCTURE AND …",2019-12-27,2019,A
ASELSAN,TR202021612A1,A COMPUTER APPLIED METHOD AND SYSTEM THAT ENABLES REAL-TIME ADJUSTMENT OF …,2020-12-24,2020,Anoni̇m
ASELSAN,TR201921965A1,AN ELECTRODE STRUCTURE FOR LEAKPROOF PACKAGING AND THE METHOD OF PACKAGING WITH …,2019-12-27,2019,A
ASELSAN,TR202006106U4,AUTOMATIZED MORTAR SYSTEM,2020-04-17,2020,A
ASELSAN,TR202006097U4,SLIPPING RING TEST SET,2020-04-17,2020,A
ASELSAN,TR202006104A1,STRUCTURE OF A SEMICONDUCTOR DEVICE WITH A DIELECTRIC LAYER IN THE FORM OF …,2020-04-17,2020,A
ASELSAN,TR202010321A2,METHOD OF FORMING AN NON-ANNEALED OHMIC CONTACT,2020-06-30,2020,A
ASELSAN,TR202010325A1,INDIUM GALLUM NITRATE (InGaN) BASED SOLAR CELL FABRICATION METHOD WITH …,2020-06-30,2020,A
ASELSAN,TR202010982A1,A REEL FOR FIBER OPTIC WINDING,2020-07-10,2020,A
ASELSAN,TR2021002234A1,A flow correcting adapter for ventilation devices,2021-02-17,2021,Anoni̇m
ASELSAN,TR202011978A1,A light-emitting diode semiconductor structure and device with high radiation …,2020-07-28,2020,A
ASELSAN,TR202015276A2,A System for Tri-Level Sync Signal Generation,2020-09-25,2020,Anoni̇m
ASELSAN,TR202015712U4,Multi-system advanced vehicle radio,2020-10-02,2020,A
ASELSAN,TR202015540A2,A COMPUTER APPLIED SIMULATION METHOD FOR ACOUSTIC/ELECTROMAGNETIC IMAGING AND/ …,2020-09-30,2020,Anoni̇m
ASELSAN,TR202015888A1,System Test Method to Check Errors in Synchronization Lines,2020-10-06,2020,Anoni̇m
ASELSAN,TR202015998A2,A method for semi-analytical calculation of mutual inductance between spiral …,2020-10-08,2020,Anoni̇m
ASELSAN,TR202017115A2,SOCIAL DISTANCE TRACKING SYSTEM AND METHOD,2020-10-27,2020,Anonim
ASELSAN,TR202018648A2,HIGH ELECTRON MOBILITY TRANSISTOR (FEMT) EPITAXIAL STRUCTURE AND METHOD TO GROW …,2020-11-20,2020,A
ASELSAN,TR202018777A2,Carrier table with slide structure,2020-11-23,2020,Anoni̇m
ASELSAN,TR202020256A1,System to Increase Pulse Arrival Time Resolution,2020-12-10,2020,Anoni̇m
ASELSAN,TR202020510A1,AIR HOLDING AND DIRECTION APPARATUS,2020-12-15,2020,A
ASELSAN,TR202021083U4,Capacitive Coupled Ethernet Data Transmission System for Contactless Rotary …,2020-12-21,2020,A
ASELSAN,TR201716043A2,A method of determining an attribute for marine vessels.,2017-10-18,2017,Anonim
ASELSAN,TR201921983A1,DOOR FACTORY METHOD IN HIGH ELECTRON MOBILITY TRANSISTOR DEVICE WORKING IN …,2019-12-27,2019,A
ASELSAN,TR2021022272A2,A WINDING REEL FOR PRODUCTION OF FIBER OPTIC WINDING,2021-12-31,2021,A
ASELSAN,TR201907974U5,A CLIPS APPARATUS THAT CAN BE INSTALLED AND REMOVED ON THE BATTERY IN …,2019-05-24,2019,Anonim
ASELSAN,TR2022008988A1,"THREE-PHASE, THREE-LEVEL, TRANSFORMER-FREE, BOOSTER-BOOST INVERTER",2022-06-01,2022,Anoni̇m
ASELSAN,TR2023001847A1,How to Convert Video Transferred Over Ethernet to HDMI Format,2023-02-17,2023,Anoni̇m
ASELSAN,TR2023008351A1,A WIND MEASUREMENT SYSTEM,2023-07-17,2023,Anonim
ASELSAN,TR2024001529A1,A COMPUTER-IMPLEMENTED CRYPTOGRAPHY METHOD RESISTANT TO QUANTUM COMPUTATION,2024-02-09,2024,Anoni̇m
ASELSAN,TR2024005935A1,A SYSTEM FOR MEASURING PULSE ARRIVAL TIME DIFFERENCE BETWEEN ANTENNA CHANNELS,2024-05-15,2024,Anoni̇m
ASELSAN,TR2024009827A2,A TRIGGER SIGNAL SYNCHRONIZATION METHOD AND SYSTEM,2024-07-29,2024,Anoni̇m
ASELSAN,TR2024012353A1,SPRING-LOADED AND HOLDING CUTTING BLADE,2024-09-17,2024,Anoni̇m
ASELSAN,TR201110804U,Radio with fast and high capacity data interface.,2011-10-31,2011,Anon�M
ASELSAN,TR200910005U,A thermal sight.,2009-12-30,2009,Anoni̇m
ASELSAN,TR201721840A1,A CANISTER LOCKING MECHANISM,2017-12-26,2017,Anonim
ASELSAN,TR201901797A2,Configurable automatic test infrastructure and method,2019-02-06,2019,Anonim
ASELSAN,TR201818058A2,A method for avoiding movement-prohibited areas,2018-11-28,2018,Anonim
ASELSAN,TR201817358A2,A POWER CONVERTER,2018-11-16,2018,Anonim
ASELSAN,TR201804178A2,FINE CATOT FOR MICRO BATTERY,2018-03-23,2018,Anonim
ASELSAN,TR201110802U,Radio with navigation application.,2011-10-31,2011,Anon�M
ASELSAN,TR201112452U,A night vision binoculars.,2011-12-14,2011,Anon�M
ASELSAN,TR200201603U,Multifunctional communication unit.,2002-06-17,2002,Anoni̇m
ASELSAN,TR201200063U,A night vision sight with a one-piece body.,2012-01-03,2012,Anon�M
ASELSAN,TR200803008U,Thermal weapon sight.,2008-04-30,2008,Anoni̇m
ASELSAN,TR200903090U,A swivel bracket post.,2009-04-20,2009,Ve
ASELSAN,TR201103062U,A night vision complex.,2011-03-30,2011,Anon�M
ASELSAN,TR201104321U,Marine inertial navigation system.,2011-05-03,2011,Anon�M
ASELSAN,TR201001602A2,A mapping device and method.,2010-03-03,2010,Anon�M
ASELSAN,TR201002576U,A thermal imager.,2010-04-02,2010,Anon�M
ASELSAN,TR200708963U,Termination box.,2007-12-26,2007,Anoni̇m
ASELSAN,TR201002164U,Glass cleaning system.,2010-03-22,2010,Anoni̇m
ASELSAN,TR201010491A2,A coupling mechanism for drive motors.,2010-12-15,2010,Anon�M
ASELSAN,TR201004491U,An electro-optical sensor device.,2010-06-03,2010,Anon�M
ASELSAN,TR201201122U,A target coordinate determination device.,2012-01-31,2012,Anon�M
ASELSAN,TR201206920U,A motion-controlled platform for electro-optical devices.,2012-06-13,2012,Anon�M
ASELSAN,TR201807025U5,MODULAR SEARCHER TITLE,2016-06-09,2016,Anonim
ASELSAN,TR201705584A2,WAR AND EMERGENCY AID SMART TURNSTILE,2017-04-14,2017,Anonim
ASELSAN,TR201712254A1,A TRAIN CONTROL AND MANAGEMENT COMPUTER WITH REDUCED OPERATING STRUCTURE,2017-08-17,2017,Anonim
ASELSAN,TR202021049U4,Emergency standby power unit for small class unmanned aerial vehicles,2020-12-21,2020,A
ASELSAN,TR202022056A1,On-vehicle equipment bearing system,2020-12-28,2020,Anoni̇m
ASELSAN,TR202022357A1,METHOD OF CONSTRUCTION OF A THIN FILM RESISTANCE ELEMENT,2020-12-30,2020,A
ASELSAN,TR202100073A1,UNIT AMPLIFIC SIGNAL GENERATOR WITH VARIABLE LOGARITHMIC BASED PHASE TRACKING,2021-01-05,2021,Anoni̇m
ASELSAN,TR202100218A1,Hinge with ease of assembly,2021-01-08,2021,A
ASELSAN,TR202100216A1,Deflector with Flexible Motion Mechanism for Missile Launch Systems,2021-01-08,2021,Anoni̇m
ASELSAN,TR202100619U4,A locking mechanism for the tachograph device,2021-01-15,2021,A
ASELSAN,TR202100618A2,A LAUNCHER FOR LAUNCHING PAYLOADS,2021-01-15,2021,Anoni̇m
ASELSAN,TR202101176U5,Train Positioning System,2021-01-26,2021,Anoni̇m
ASELSAN,TR202022530U4,A DETECTOR SYSTEM,2020-12-30,2020,A
ASELSAN,TR201905604A2,An Air Flow Heat Exchanger Production Method,2019-04-15,2019,Anonim
ASELSAN,TR2022010699A1,WASTE TRACKING AND RECYCLING SYSTEM,2022-06-28,2022,Ticaret
ASELSAN,TR2023019338A1,A high-efficiency/powerful power amplifier system including a broadband load- …,2023-12-29,2023,Ticaret
ASELSAN,TR202018191A1,A HIGH ELECTRON MOBILITY TRANSISTOR DEVICE WITH A HIGH HEAT TRANSFER AND A …,2020-11-13,2020,A
ASELSAN,TR201709924A2,MOBILE TARGET DETECTION METHOD WITH ENHANCED LEARNING ON FIXED CAMERA,2017-07-05,2017,Ticaret
ASELSAN,TR2022020937A1,A COMPUTER APPLIED METHOD AND SYSTEM FOR HELICOOL INSPECTION,2022-12-28,2022,Ticaret
ASELSAN,TR2022010535A2,A CIRCUIT STRUCTURE FOR KEY DRIVE ICs,2022-06-24,2022,Ticaret
ASELSAN,TR2022012230U4,AN ASSEMBLY SYSTEM,2022-08-02,2022,Ticaret
ASELSAN,TR2022020910A1,A Reinforcement Learning Based Method for Air Combat with Noisy Sensor Data,2022-12-28,2022,Ticaret
ASELSAN,TR2022010615A1,ADDITIVE MANUFACTURING HEAT PIPE EMBEDDED COLD PLATE SYSTEM,2022-06-27,2022,Ticaret
ASELSAN,TR2022011472U4,AN ELECTRIC VEHICLE WITH AN EMERGENCY DATA TRANSFER SYSTEM.,2022-07-18,2022,Ticaret
ASELSAN,TR2022009711A1,A MODULAR FOLDABLE CARRIER PLATFORM WITH STEERABLE WHEELS,2022-06-10,2022,Ticaret
ASELSAN,TR2022020991A1,OPTICAL DEVICE FOR MEASURING PARAMETERS OF FLUID BLOOD,2022-12-28,2022,Ticaret
ASELSAN,TR2022020926A1,A SYSTEM AND METHOD TO ANONYMIZE BIOMETRIC DATA AND PREVENT COPIES OF ANONYMOUS …,2022-12-28,2022,Ticaret
ASELSAN,TR201909477A2,METHOD OF FORMING OHMIC CONTACT FOR HIGH ELECTRON MOBILITY TRANSISTOR,2019-06-26,2019,A
ASELSAN,TR2023006648U4,TOP/BOTTOM BAND PASSAGE FILTER,2023-06-07,2023,Ticaret
ASELSAN,TR2021019885U4,SECURITY SYSTEM IN THE SINGLE-PERSON SYSTEM,2021-12-14,2021,Ticaret
ASELSAN,CNN,"The invention relates to a security system in a single-person system which includes at least one sensor (1) that collects and transmits data on personnel such as health information, environmental conditions, etc., a verification system by which personnel perform identity verification by querying a …",2021-12-09,2021,TR
ASELSAN,TR2023015124A2,A flow control system that adjusts the flow rate according to temperature.,2023-11-15,2023,Ticaret
ASELSAN,TR202100187A1,"AN INVERTER MODULE WITH LOW ELECTRICAL IMPEDANCE, HIGH THERMAL PERFORMANCE AND …",2021-01-07,2021,Ticaret
ASELSAN,TR2024003710U5,AN AERODYNAMIC LOAD APPLICATION DEVICE FOR SPLASH-WING AIRCRAFT,2024-03-26,2024,Ticaret
ASELSAN,TR2023010436A1,A FIXING AND ALIGNMENT MECHANISM,2023-08-25,2023,Ticaret
ASELSAN,TR2024002782A1,A CAMERA THAT DETECTS RADIATIONS OF DIFFERENT WAVELENGTHS,2024-03-07,2024,Ticaret
ASELSAN,TR2024008220U4,AN ARTIFICIAL INTELLIGENCE-POWERED SYSTEM FOR DETECTING ABNORMALLY DIMENSIONAL …,2024-06-27,2024,Ticaret
ASELSAN,TR2024006634U4,A high-performance broadband digital beam router for C-band phased array …,2024-05-28,2024,Ticaret
ASELSAN,TR2021002384A1,Human Image Completion Method with 3D Model in Partial Occlusion Image,2021-02-19,2021,Ticaret
ASELSAN,TR2021004297U4,Detachable Mechanism for Radar Systems,2021-03-05,2021,Ticaret
ASELSAN,TR2024006261A1,AN ACCESSORY THAT CAN BE USED AS A WORKSPACE.,2024-05-21,2024,Ticaret
ASELSAN,TR2021006330A2,Catch-Up Speed Improvement Method in Analog Driver Circuits,2021-04-09,2021,Ticaret
ASELSAN,TR2024005968U4,A refrigerator case with a passive cooling system.,2024-05-15,2024,Ticaret
ASELSAN,TR2021009884A2,A DEVICE FOR VAPORIZING NANOAGENTS SUITABLE FOR THERAPEUTIC USE IN THE BODY AND …,2021-06-17,2021,Ticaret
ASELSAN,TR2023018491A2,Circularly Polarized Broadband Tight-Interaction Antenna Array with an …,2023-12-26,2023,Ticaret
ASELSAN,TR2021011643A1,A radiometry-based infrared image visualization method using histogram …,2021-07-16,2021,Ticaret
ASELSAN,TR2021011844A2,TOOL CONFIGURATION USED FOR PRECISION SOLDERING BRUSHES IN PANCAKE TYPE SLIDE …,2021-07-27,2021,Ticaret
ASELSAN,TR2021012458A2,A CONNECTION DEVICE FOR ELECTRONIC DEVICES,2021-08-06,2021,Ticaret
ASELSAN,TR2024004248U4,"A LOCKABLE, GAP-FREE FIXING PIN WITH A HANDLE.",2024-04-04,2024,Ticaret
ASELSAN,TR2023017696A1,HIGH VOLTAGE INSULATED TEMPERATURE MEASUREMENT SYSTEM,2023-12-19,2023,Ticaret
ASELSAN,TR2023017437A1,MANUAL LOCKING SYSTEM FOR LARGE STRUCTURE SYSTEMS,2023-12-15,2023,Ticaret
ASELSAN,TR2023017388A2,A BROADBAND CYLINDRICAL TIGHTLY COUPLED ANTENNA ARRAYS APPROACH WITH COMMON- …,2023-12-15,2023,Ticaret
ASELSAN,TR2023016696A1,A Time Sensitive Networking (TSN) Messaging Sharing Method,2023-12-07,2023,Ticaret
ASELSAN,TR2021014526U4,CARD MODULE REMOVAL TOOL,2021-09-16,2021,Ticaret
ASELSAN,TR2021014492U4,A system that enables the identification of intensive care unit ventilator …,2021-09-16,2021,Ticaret
ASELSAN,TR2023016577A1,METHOD OF HEATING AND COOLING THE DETECTOR,2023-12-06,2023,Ticaret
ASELSAN,TR2023016517U5,A FIXING DEVICE FOR CONNECTORS,2023-12-05,2023,Ticaret
ASELSAN,TR2021014999A1,Detection of Pulsed Laser Sign with Infrared Camera,2021-09-24,2021,Ticaret
ASELSAN,TR2021014970A1,ROTATIONAL REPEATED LAYER TRAINING METHOD,2021-09-24,2021,Ticaret
ASELSAN,TR2023015634A1,A SUBSTANCE VERTICAL HOLDER APPARATUS,2023-11-23,2023,Ticaret
ASELSAN,TR2021015321A1,AUTONOMOUS NEAR-FIELD DEFENSE SYSTEM,2021-09-30,2021,Ticaret
ASELSAN,TR2021015298A2,VEHICLE RECOGNITION AND TRACKING SYSTEM,2021-09-30,2021,Ticaret
ASELSAN,TR2021015354A1,3D SOUND CREATION METHOD IN AVIONIC PLATFORMS,2021-10-01,2021,Ticaret
ASELSAN,TR2023015631A2,A MODULAR AND PORTABLE PLATFORM SYSTEM,2023-11-23,2023,Ticaret
ASELSAN,TR2023015122A1,A PRODUCTION METHOD FOR EMBEDDING ELECTRONIC COMPONENTS IN PRINTED CIRCUIT …,2023-11-15,2023,Ticaret
ASELSAN,TR2021015734A2,PARALLEL PLACED CHAIN ASSEMBLY,2021-10-08,2021,Ticaret
ASELSAN,TR2023014933A1,A PASSIVE ISOLATOR FOR SUSPENSIONS,2023-11-13,2023,Ticaret
ASELSAN,TR2023014930A1,A BALLISTIC RISE MECHANISM,2023-11-13,2023,Ticaret
ASELSAN,TR2024001811U4,SCREEN DISPLAY CONFIGURATION,2024-02-15,2024,Ticaret
ASELSAN,TR2021018052A1,Ribbonless ammunition loading mechanism,2021-11-18,2021,Ticaret
ASELSAN,TR2021015885A1,DOHERTY-OUTPHASING HYBRID POWER BOOSTER DEVELOPMENT METHOD WITH FEED MODULATION,2021-10-12,2021,Ticaret
ASELSAN,DESCRIPTION,• Published 2023-04-24,2023-11-17,2023,A platform that facilitates maintenance and repair work.
ASELSAN,TR2021016099A2,VISUAL SIMULTANEOUS POSITIONING AND MAPPING (vSLAM) FRAMEWORK RESISTANT TO …,2021-10-15,2021,Ticaret
ASELSAN,TR2023019330U4,A MEASURING DEVICE,2023-12-29,2023,Ticaret
ASELSAN,TR2023017189U4,AN OPTICALLY BASED WIRELESS DATA COMMUNICATION DEVICE,2023-12-13,2023,Ticaret
ASELSAN,TR2021017098A1,METHOD OF POSITIONING CIRCULATOR AND ISOLATOR DEVICES ON MAGNETIC CARRIER …,2021-11-03,2021,Ticaret
ASELSAN,TR2021017697A1,A COMPUTER APPLIED METHOD FOR CHECKING RECORDS IN FEE COLLECTION SYSTEMS AND A …,2021-11-12,2021,Ticaret
ASELSAN,TR2023016226U4,AN INFRARED MODULE SYSTEM,2023-11-30,2023,Ticaret
ASELSAN,TR2023015383U4,A leakproof cable gland suitable for use in marine vessels.,2023-11-20,2023,Ticaret
ASELSAN,TR2023006488A1,ADJUSTABLE STOPPER MECHANISM,2023-06-05,2023,Ticaret
ASELSAN,TR2022015580A1,SCREWING SUPPORT MECHANISM,2022-10-12,2022,Ticaret
ASELSAN,TR2022019736A1,PANEL CABLE PASSAGE SCREEN TERMINATION DEVICE,2022-12-20,2022,Ticaret
ASELSAN,TR201723053A2,ONE PORTABLE PLATFORM,2017-12-29,2017,Ticaret
ASELSAN,TR201723093U5,One Switchgear Gate Drive Control Block,2017-12-29,2017,Ticaret
ASELSAN,TR2022000704A1,A BELT TENSION ADJUSTMENT MECHANISM,2022-01-20,2022,Ticaret
ASELSAN,TR2022018054U4,A VEHICLE-MOUNTED CHARGING SYSTEM FOR ELECTRIC VEHICLES.,2022-11-29,2022,Ticaret
ASELSAN,TR201723079A2,Light Emitting Diode Structure Containing a Monocalgogen Multiple Quantum Well …,2017-12-29,2017,A
ASELSAN,TR2022018530U4,Hybrid Handheld Terminal,2022-12-05,2022,Ticaret
ASELSAN,TR201719959A2,AN AMMUNITION BOX THAT CAN BE ADAPTED TO DIFFERENT CALIBRATED AMMUNITIONS,2017-12-08,2017,Ticaret
ASELSAN,TR2022018623A2,IN-CAVE COMMUNICATION AND TRANSMISSION SYSTEM,2022-12-06,2022,Ticaret
ASELSAN,TR201717537A2,An antenna support apparatus.,2017-11-08,2017,Ticaret
ASELSAN,TR201717366A2,A subtraction system.,2017-11-06,2017,Ticaret
ASELSAN,TR2022014218U4,A SHORT WAVELENGTH (SWIR) CAMERA,2022-09-14,2022,Ticaret
ASELSAN,TR201717354A2,TWO-DIMENSIONAL GROUP-III ONE HIGH ELECTRON MOBILITY TRANSISTOR DEVICE …,2017-11-06,2017,A
ASELSAN,TR2022016706A1,SCREW COLD PLATE,2022-11-04,2022,Ticaret
ASELSAN,TR2022020076U4,A POSITION CONTROL DEVICE AND AN UNMANNED AERIAL VEHICLE CONTAINING SUCH A …,2022-12-22,2022,Ticaret
ASELSAN,TR2023005091A1,"Multi-Transmitter/Receiver, Multi-Frequency and Multi-Dimensional Integrated RF …",2023-05-08,2023,Ticaret
ASELSAN,TR201714873A2,A thermal battery control system and control method.,2017-10-03,2017,Ticaret
ASELSAN,TR2023005044A1,ELECTROMAGNETIC LAUNCH SYSTEM AMMUNITION STOP TEST EQUIPMENT,2023-05-05,2023,Ticaret
ASELSAN,TR2023005042A1,A SECURE COMMUNICATION SYSTEM AGAINST EXTERNAL ATTACKS,2023-05-05,2023,Ticaret
ASELSAN,TR2022001126A1,A FITTING DEVICE FOR SEALS OF DIFFERENT SIZES,2022-01-28,2022,Ticaret
ASELSAN,TR2022001379A2,Sonar sensor array underwater positioning system,2022-02-03,2022,Ticaret
ASELSAN,TR201713719A2,INDIUM (In) METAL COATING METHOD BY ELECTRICITY IN FOCUS PLANE INDEX,2017-09-15,2017,A
ASELSAN,TR2022001764A1,AMPLITUDE CONTROLLED ATTENTION METHOD WITH SINGLE INPUT-SINGLE OUTPUT …,2022-02-11,2022,Ticaret
ASELSAN,TR2023004381A1,A COMPUTER-IMPLEMENTED METHOD FOR DYNAMIC DETECTION OF DEAD AND BAD PIXELS,2023-04-19,2023,Ticaret
ASELSAN,TR2022000473A1,A TWO-LAYER COOLING SYSTEM,2022-01-14,2022,Ticaret
ASELSAN,TR2023005282A1,A FLUID-COOLED CASE,2023-05-11,2023,Ticaret
ASELSAN,TR201800397A2,High Power Phase Shifter Allows Change of Signal Polarization Angle,2018-01-11,2018,Ticaret
ASELSAN,TR201800409A2,Ceramic based hermetic Feed Thru transition structuring and production method,2018-01-11,2018,Ticaret
ASELSAN,TR201800533A2,MANUFACTURING METHOD FOR AN ANTENNA AND ANTENNA,2018-01-16,2018,Ticaret
ASELSAN,TR201800535A2,Visual fire guidance system,2018-01-16,2018,Ticaret
ASELSAN,DEVELOPMENT,1.,2023-05-16,2023,TR
ASELSAN,TR2023006009A1,A METHOD AND SYSTEM TO MINIMIZE THE GAIN AND PHASE OCCURRENCES THAT ARE …,2023-05-25,2023,Ticaret
ASELSAN,TR202011655A1,Detection method of small sized objects from fixed or moving camera images,2020-07-22,2020,Ticaret
ASELSAN,TR2023006028A1,ADJUSTABLE GUIDE CABLE REEL SYSTEM,2023-05-26,2023,Ticaret
ASELSAN,TR2023006171A1,ARTIFICIAL INTELLIGENCE SUPPORTED SMART CONTRACT TEMPLATE CREATION METHOD AND …,2023-05-29,2023,Ticaret
ASELSAN,DESCRIPTION:,• Published 2024-12-23,2018-12-14,2018,HIGH ELECTRON MOBILITY TRANSISTOR (YEMT) DEVICE FACTORY METHOD WORKING IN …
ASELSAN,TR2022015564A1,CURVE FITTING BASED BAD PIXEL DETECTION METHOD FOR BAD PIXEL REPLACEMENT …,2022-10-12,2022,Ticaret
ASELSAN,TR2023009966A1,A FLEXIBLE BULLET TRACK FRICTION TEST SETUP,2023-08-17,2023,Ticaret
ASELSAN,TR2021021667A2,SEQUENTIAL MODEL UPDATE METHOD,2021-12-29,2021,Ticaret
ASELSAN,TR2023006693A1,A FPGA BASED PCIE SWITCH,2023-06-08,2023,Ticaret
ASELSAN,TR2022008819A2,METHOD FOR EXTRACTING CHANNEL-FREQUENCY FEATURES IN DAS SENSORS,2022-05-30,2022,Ticaret
ASELSAN,TR201902189A2,VEHICLE COUNT CLASSIFICATION SYSTEM,2019-02-14,2019,Ticaret
ASELSAN,TR201903776A2,A FIBER OPTIC ROTATOR SYSTEM,2019-03-13,2019,A
ASELSAN,TR2023006872A1,AN ELECTROMAGNETIC INTERFERENCE GRID WITH ENHANCED IMPEDANCE MATCHING,2023-06-12,2023,Ticaret
ASELSAN,TR2021020752A2,A MOTHERBOARD FOR USING DIFFERENT TYPES OF CONNECTORS TOGETHER,2021-12-23,2021,Ticaret
ASELSAN,TR2024004242A2,A Symmetrical Elevation Mechanism That Allows Usage of Same Caliber Weapons in …,2024-04-04,2024,Ticaret
ASELSAN,TR2024004246A1,A COATING ELEMENT SUITABLE FOR HYDRODYNAMIC FLOW THAT COVERS THE SURROUNDINGS …,2024-04-04,2024,Ticaret
ASELSAN,TR2024004228A1,A METHOD OF CREATING A BUFFER ZONE TO PREVENT TEMPERATURE-DUE SURPASSING …,2024-04-04,2024,Anonim
ASELSAN,TR2024012347U4,Adaptive printed circuit board assembly substrate for press-fit connectors.,2024-09-17,2024,Ticaret
ASELSAN,TR2024006645A1,A MODULAR HEART-LUNG MACHINE,2024-05-28,2024,Ticaret
ASELSAN,TR2024007459A1,CONNECTOR LIVE END CUTTING MACHINE,2024-06-10,2024,Ticaret
ASELSAN,TR2022021177A1,AN ANTENNA CHARACTERIZATION METHOD FOR PHASED ARRAY ANTENNAS,2022-12-29,2022,Ticaret
ASELSAN,TR2023010529U4,AUTOMATIC TEST SYSTEM FOR ELECTRONIC WARFARE DIGITAL RECEIVERS AND TECHNICAL …,2023-08-28,2023,Ticaret
ASELSAN,TR2022019879A1,PARALLEL GRID METHOD FOR TRIANGLE OBJECT ON FPGA,2022-12-21,2022,Ticaret
ASELSAN,TR202017976A1,Competency evaluation and performance tracking method for energy production/ …,2020-11-10,2020,Ticaret
ASELSAN,TR202017500A1,A DETECTION DEVICE AND A BIOSENSOR CHIP THAT ENABLES THE DETECTION OF NANO AND …,2020-11-03,2020,Ticaret
ASELSAN,TR202017323A2,WEARABLE TECHNOLOGY SYSTEM,2020-10-30,2020,Ticaret
ASELSAN,TR2024008503A2,FLASH X-RAY IMAGING TEST SETUP,2024-07-02,2024,Ticaret
ASELSAN,TR2024008573A1,Missile payload test setup,2024-07-03,2024,Ticaret
ASELSAN,TR2024008605A2,AN OPEN AND CLOSEABLE CARTRIDGE COLLECTION MECHANISM,2024-07-04,2024,Ticaret
ASELSAN,TR202016574A1,An ammunition feed direction selection mechanism,2020-10-16,2020,Ticaret
ASELSAN,TR2022015479A1,COMMON TRIPOD INTERFACE,2022-10-11,2022,Ticaret
ASELSAN,TR202016269A1,A NEW FIELD ATTENTION METHOD FOR FIELD DIRECTED CONTROL OF ALTERNATIVE CURRENT …,2020-10-13,2020,Ticaret
ASELSAN,TR2024009055A1,A MAGNETIC SHIELD FOR FIBER OPTIC GENERATORS,2024-07-11,2024,Anonim
ASELSAN,TR2024009599A2,ADJUSTABLE BALANCING MECHANISM,2024-07-24,2024,Ticaret
ASELSAN,TR202014798A1,"A SCALE, FLEXIBLE AND ULTRA-FASTER METHOD FOR THE REsource-EFFICIENT …",2020-09-17,2020,Ticaret
ASELSAN,TR2024009674A2,HIGH-EFFICIENCY ANTENNA STRUCTURE,2024-07-25,2024,Ticaret
ASELSAN,TR2024009818A2,A chain-driven mechanism that aligns the projectile propelling mechanism with …,2024-07-29,2024,Ticaret
ASELSAN,TR2024010063A2,CONTROL SYSTEM FOR PROPULSION BATTERIES,2024-08-02,2024,Ticaret
ASELSAN,TR201909497A1,METHOD OF OBTAINING MULTIFUNCTIONAL INTEGRATED OPTICAL DEVICE WITH INCREASED …,2019-06-26,2019,A
ASELSAN,TR2024010490A2,A MONOPOLISTIC ANTENNA STRUCTURE,2024-08-12,2024,Ticaret
ASELSAN,TR2024010809U5,A sealing composition that provides high sealing performance and low and stable …,2024-08-16,2024,Ticaret
ASELSAN,TR2024011438A2,A BEAM-DIRECTED PARASITIC BIPOLAR COMPACT ANTENNA,2024-08-29,2024,Anoni̇m
ASELSAN,TR202010673A1,LOCATION METHOD,2020-07-06,2020,Ticaret
ASELSAN,TR2025003234U4,CONDUCTIVE REFRIGERATED CASE WITH POOL-BOILED COLD PLATE.,2025-03-18,2025,Ticaret
ASELSAN,TR2024012336A2,A MISSILE COMMUNICATION TEST SYSTEM,2024-09-17,2024,Anoni̇m
ASELSAN,TR2023013975A1,A cover mechanism for underwater access of equipment used in marine vessels.,2023-10-30,2023,Ticaret
ASELSAN,TR201919996A2,"PERISCOPE CONSTRUCTION THAT PROVIDES HYDRAULIC, PNEUMATIC AND ELECTRICAL CABLE …",2019-12-12,2019,Ticaret
ASELSAN,TR202013828U4,Soldered Adapter Transition Configuration,2020-09-01,2020,Ticaret
ASELSAN,TR201919490A2,AMMUNITION TRIGGER MECHANISM,2019-12-06,2019,Ticaret
ASELSAN,TR2021020553U4,A HOUSING FOR ONE-WAY GRIPS,2021-12-21,2021,Ticaret
ASELSAN,TR201919056A2,AN INDEPENDENT CONNECTION KIT FOR 7.62 MM WEAPONS,2019-12-03,2019,Ticaret
ASELSAN,TR2023009064A1,A DEFLECTOR,2023-07-31,2023,Ticaret
ASELSAN,TR2023008956A1,ENERGY DAMPING STRUCTURE WITH ESCETIC GEOMETRY,2023-07-28,2023,Ticaret
ASELSAN,TR201918505A2,OPENING DEFECTOR SYSTEM FOR VERTICAL FIRE MISSILE SYSTEMS,2019-11-26,2019,Ticaret
ASELSAN,TR2021020331A2,Projectile Target Rendezvous Point Estimation Method,2021-12-17,2021,Ticaret
ASELSAN,TR202013226U4,Electronically controlled card connection system,2020-08-21,2020,Ticaret
ASELSAN,TR2023008346A1,A SAFE TUNNEL FINDING METHOD AND SYSTEM,2023-07-17,2023,Ticaret
ASELSAN,TR201911966A2,RF CABLE HOLDER,2019-08-06,2019,Ticaret
ASELSAN,TR201911107A2,Slim type universal joint with lockable axis,2019-07-24,2019,Ticaret
ASELSAN,TR202105554A2,HOLOGRAPHIC SIGNAL WITH REFLECTIVE CONCAVE DIFFERENCE GRILL,2021-03-27,2021,Anonim
ASELSAN,TR201910878A1,A CLEANING AND ADHESIVE APPLICATION TOOL FOR OPTICAL FIBER,2019-07-22,2019,A
ASELSAN,TR201910041A2,Under Armor Remote Controlled Weapon System with Ammunition Loading,2019-07-04,2019,Ticaret
ASELSAN,TR201909772A1,APPARATUS FOR TAKING A SIDE PACK FOR CIRCULAR SEMI-CONDUCTOR SUBSTONE,2019-07-01,2019,A
ASELSAN,TR2022015216A1,GaN-BASED HYBRID BORDER CONDUCTION MODULATION MICRO INVERTER FOR AVIONIC …,2022-10-05,2022,Ticaret
ASELSAN,TR201502512A3,A SUSTAINABLE BOMB DISPOSAL PLATFORM,2015-03-03,2015,Ticaret
ASELSAN,TR2022005388A1,A WARNING AND ALARM SYSTEM,2022-04-06,2022,Ticaret
ASELSAN,TR2022002008A2,HIGH POWER ELECTRON BEAM FOCUSING LENS WITH GEOMETRY OPTIMIZED AGAINST OPTICAL …,2022-02-16,2022,Ticaret
ASELSAN,TR201709957U,An electronic device cabinet.,2017-07-06,2017,Ticaret
ASELSAN,TR2022012444U4,Impact Protective Random Case,2022-08-05,2022,Ticaret
ASELSAN,TR201701682A2,An inverter box.,2017-02-06,2017,Ticaret
ASELSAN,TR2023002887A1,A RUGGLED MISSION COMPUTER CASE WITH A MODULAR STRUCTURE AND A MISSION COMPUTER,2023-03-15,2023,Ticaret
ASELSAN,TR2023005937U4,A precision adjustment mechanism providing adjustment in three axes.,2023-05-24,2023,Ticaret
ASELSAN,TR2023003316A2,MULTIPAD SPATIAL COUPLER SYSTEM BASED ON ANTIPODAL SLOT LINE ARRAY INSTALLED IN …,2023-03-27,2023,Ticaret
ASELSAN,TR2022004141A1,FIRE CONTROL CONSOLE MECHANICAL CONSTRUCTION,2022-03-18,2022,Ticaret
ASELSAN,TR2022004102A1,Slowing mechanism for systems operating under high rotation and shock,2022-03-17,2022,Ticaret
ASELSAN,TR2023006290U4,"Traffic Management, Link Control, and Packet Forwarding System for IP-Based …",2023-05-31,2023,Ticaret
ASELSAN,TR201705175A2,An antenna system.,2017-04-06,2017,Ticaret
ASELSAN,TR2022003424A1,"CORRUGATED, THIN FLAT PLATE HEAT DISTRIBUTOR WITH PHASE CHANGE CYCLE, BASED ON …",2022-03-08,2022,Ticaret
ASELSAN,TR201705171A2,An antenna.,2017-04-06,2017,Ticaret
ASELSAN,DEFINITION,• Published 2018-10-22,2022-03-03,2022,High Current Coaxial Connector for Pulse Power Applications
ASELSAN,TR201705440A2,A test system and test method.,2017-04-12,2017,Ticaret
ASELSAN,TR2022004905U4,Target tracking system operating on a PTZ IP camera unit.,2022-03-30,2022,Ticaret
ASELSAN,TR201705921U5,A Simulator for Testing Systems Connected to an FPGA Hardware with PCI-E,2017-04-21,2017,Ticaret
ASELSAN,TR2023006374U4,A CONSOLE LAYOUT,2023-06-01,2023,Ticaret
ASELSAN,TR2021020340U4,AN ANTI-CONDENSATION SYSTEM FOR OPTICAL GLASSES USED IN TEMPERATURE TESTING …,2021-12-17,2021,Ticaret
ASELSAN,TR2022002179A2,Method of presenting user-friendly interface and selection buttons on the …,2022-02-18,2022,Ticaret
ASELSAN,TR2022002010A1,A MECHANICAL ATTITUDE READING SYSTEM WITH DIRECTION CHANGEMENT MECHANISM,2022-02-16,2022,Ticaret
ASELSAN,TR201709406A2,A CARGO LOADING INFRASTRUCTURE,2017-06-23,2017,Ticaret
ASELSAN,TR2023003815A1,MILITARY TRAILER AND VEHICLE LEVELING FOOT,2023-04-06,2023,Ticaret
ASELSAN,TR201701049A2,A MODULAR RECEIVER,2017-01-24,2017,Ticaret
ASELSAN,TR2022004379A2,A MANUAL EXTERNAL DEFIBRILLATOR,2022-03-22,2022,Ticaret
ASELSAN,TR2022006885U4,HYBRID HIGH-SPEED CHARGING STATION SYSTEM FOR ELECTRIC VEHICLES,2022-04-27,2022,Ticaret
ASELSAN,TR2022004901A1,An alignment mechanism for electro-optical systems,2022-03-30,2022,Ticaret
ASELSAN,TR201617537U,AN ELECTROMECHANICAL SYSTEM THREADABLE,2016-11-30,2016,Ticaret
ASELSAN,TR201616630U,ARMORED VEHICLE WITH HYDRAULIC ARM FOR DETECTING AND / OR DISPOSING A THREAT …,2016-11-17,2016,Ticaret
ASELSAN,TR2022005095A1,3-DIMENSIONAL AND MULTI-TARGET TEST SETUP,2022-04-01,2022,Ticaret
ASELSAN,TR201809126T1,An S-class RF transmitter for MRI scanners.,2016-06-30,2016,Ticaret
ASELSAN,TR201608988A2,ONE PIECE LOADED MONOPOLE ANTENNA,2016-06-28,2016,Ticaret
ASELSAN,TR201609051A2,CONFIGURABLE LATCH CIRCUIT WITH LOW LEAKAGE CURRENT INSTANT TRIGGER INPUTS,2016-06-28,2016,Ticaret
ASELSAN,TR2022007146A1,WIDE INPUT VOLTAGE RANGE POWER SUPPLY WITH AC OR DC INPUT,2022-04-29,2022,Ticaret
ASELSAN,TR2022005144A2,A folding mechanism for vehicle-integrated systems,2022-04-01,2022,Ticaret
ASELSAN,TR2023002890A1,VIDEO TRANSFER METHOD TO UNSTABLE PROTOCOL ADMIN LINES,2023-03-15,2023,Ticaret
ASELSAN,TR201600007A2,Radar absorber honeycomb structure and absorber paint application method.,2016-01-04,2016,Ticaret
ASELSAN,TR2022005170A1,ES-HYBRID METHOD IN DAYTIME/THERMAL IMAGES,2022-04-01,2022,Ticaret
ASELSAN,TR2022005094A1,A PISTON MECHANISM,2022-04-01,2022,Ticaret
ASELSAN,TR201505169A2,A IGNITION SWITCH MECHANISM,2015-04-28,2015,Ticaret
ASELSAN,TR201701288A2,A support element and production method.,2017-01-27,2017,Ticaret
ASELSAN,TR201410866A1,Closed loop controlled computer independent two axis motion control unit,2014-09-16,2014,Ticaret
ASELSAN,TR2023006748U4,Shipment Tracking and Tracing System for Critical and Sensitive Items.,2023-06-09,2023,Ticaret
ASELSAN,TR201512442T1,A SYSTEM AND METHOD FOR COMPENSATING TIME DELAYS IN TOP WEAPON SYSTEMS,2013-04-10,2013,Ticaret
ASELSAN,TR201810365T4,Switched multiplexer.,2013-03-01,2013,Ticaret
ASELSAN,DETACHABLE,1.,2023-03-15,2023,TR
ASELSAN,TR2023002731A1,"A DIGITAL MONEY TRANSFER SYSTEM, AN ELECTRONIC WALLET SUITABLE FOR USE IN A …",2023-03-10,2023,Ticaret
ASELSAN,TR2023002712A1,Timing and pixel based automatic control system for image and video processing …,2023-03-10,2023,Ticaret
ASELSAN,TR2022005859A1,BALLISTIC FLAP CONSTRUCTION FOR UNMANNED TOWERS,2022-04-12,2022,Ticaret
ASELSAN,TR2022017058U4,Cable Protector,2022-11-11,2022,Ticaret
ASELSAN,TR2022005861A1,An Assembly Mechanism for Integrating Large Units,2022-04-12,2022,Ticaret
ASELSAN,TR2022020476A1,A Method for Synthesizing Decisions of Deep Learning Models via Cyclic Voting …,2022-12-26,2022,Ticaret
ASELSAN,TR2023000127A1,A MECHANISM THAT PRECISELY DETERMINES THE WIDEST AND NARROWEST POINTS OF THE …,2023-01-05,2023,Ticaret
ASELSAN,TR201709761A2,An integrated patch antenna.,2017-07-03,2017,Ticaret
ASELSAN,TR2023000168A1,FIXING SYSTEM AND FIXING METHOD FOR ELECTRONIC CARD AND HEATSINK MODULE,2023-01-06,2023,Ticaret
ASELSAN,TR2022013697U4,A dual polarized phase array antenna element with hybrid feed and low profile.,2022-09-01,2022,Ticaret
ASELSAN,TR2022011930A1,PRECISION INTEGRAL RECEIVER AND COMPARATOR CIRCUIT,2022-07-27,2022,Ticaret
ASELSAN,TR2022012383A1,WIDE STRIP BOBBIN WINDING APPARATUS AND METHOD,2022-08-04,2022,Ticaret
ASELSAN,TR2022008533A1,A JACK WITH HIGH ANGLE STABILITY,2022-05-25,2022,Ticaret
ASELSAN,TR2022010659U4,COMMAND AND CONTROL TENT,2022-06-28,2022,Ticaret
ASELSAN,TR2022010541U4,Automatic optical bonding device with vacuum gripper,2022-06-24,2022,Ticaret
ASELSAN,TR2023000169A1,CONNECTOR FIXING BRACKET,2023-01-06,2023,Ticaret
ASELSAN,TR2022012389A1,ACTIVE VOLUME COMPENSATOR DEVICE IN CLOSED SYSTEMS,2022-08-04,2022,Ticaret
ASELSAN,TR2023000244A2,A LOCK MECHANISM WORKING UNDER HIGH LOAD,2023-01-09,2023,Ticaret
ASELSAN,TR2022018538A1,A Method for Segmentation-Based X-ray Image Collimation Area Detection and …,2022-12-05,2022,Ticaret
ASELSAN,TR2022012495A1,PRESSURE RESISTANT LEAK PROOF BOX,2022-08-08,2022,Ticaret
ASELSAN,TR2023000259A2,A REMOTE CONTROLLED WEAPON SYSTEM FOR INFANTRY AND SINGLE SOLDIER USE,2023-01-09,2023,Ticaret
ASELSAN,TR2022012514A1,ERROR ESTIMATION METHOD IN MULTIPLE INDEPENDENT 3-PHASE PERMANENT MAGNET …,2022-08-08,2022,Ticaret
ASELSAN,TR2022007352A1,A LOCKING MECHANISM FOR BULLET TRANSFER SYSTEMS,2022-05-05,2022,Ticaret
ASELSAN,TR2022020141A2,A TUNNEL CONNECTION COATING METHOD FOR THE FEED DEVICE,2022-12-23,2022,Anonim
ASELSAN,TR2022014939U4,PRINTED CIRCUIT BOARD FIXING LOCKING MECHANISM,2022-09-29,2022,Ticaret
ASELSAN,TR2022013702A1,AN UNDER ARMORED AMMUNITION LOADING AND LOCKING SYSTEM AND METHOD,2022-09-02,2022,Ticaret
ASELSAN,TR2022005882A1,OSCILLATOR CALIBRATION METHOD AND ITS APPLICATION,2022-04-13,2022,Ticaret
ASELSAN,TR202018673A1,A TURBO FAN SYSTEM USED IN VENTILATION DEVICES,2020-11-20,2020,Ticaret
ASELSAN,TR2023000589A1,A LAUNCH SYSTEM TEST BARREL,2023-01-17,2023,Ticaret
ASELSAN,TR2022020823U4,EMI/EMC Transition Panel,2022-12-27,2022,Ticaret
ASELSAN,TR2022016984A1,A BEAM SPLITTER OPTICAL COATING THAT SHOWS PERMEABLE AND REFLECTING PROPERTIES,2022-11-10,2022,Ticaret
ASELSAN,TR2023001036A1,SCISSOR MOTOR MOUNTING DEVICE,2023-01-30,2023,Ticaret
ASELSAN,TR2023003728U4,A manual service disconnect switch for electric vehicles.,2023-04-04,2023,Ticaret
ASELSAN,TR2022017161A1,A BATTERY LOCKING MECHANISM,2022-11-14,2022,Ticaret
ASELSAN,TR2022021798U4,A PRECISELY ADJUSTABLE HANGING BRACKET.,2022-12-30,2022,Ticaret
ASELSAN,TR2022007369A1,High acceleration braking method by short-circuiting the motor phases in case …,2022-05-05,2022,Ticaret
ASELSAN,TR2022015455U4,A safety pole powered by renewable energy.,2022-10-10,2022,Ticaret
ASELSAN,TR2023001580A1,A PARTICLE ARRANGEMENT SYSTEM,2023-02-10,2023,Ticaret
ASELSAN,TR2023001561A2,"ANTENNA ARRAY SYSTEM CONTAINING AN ANTENNA ELEMENT, AN ANTENNA ARRAY AND A FEED …",2023-02-10,2023,Ticaret
ASELSAN,TR2022013641A1,Card Holder Mechanism,2022-09-01,2022,Ticaret
ASELSAN,TR2022013743A1,ANOMALY DETECTION SYSTEM,2022-09-02,2022,Ticaret
ASELSAN,TR2023001825A1,A DEFLECTOR FOR AIR INTAKES,2023-02-17,2023,Ticaret
ASELSAN,TR201710773A2,HIGH ELECTRON MOBILITY TRANSISTOR (YEMT) STRUCTURE AND ITS PRODUCTION METHOD …,2017-07-24,2017,A
ASELSAN,TR2023000595A1,LAMINATED BAR,2023-01-17,2023,Ticaret
ASELSAN,TR2022013910A2,A MOBILE X-RAY DEVICE,2022-09-07,2022,Ticaret
ASELSAN,TR2023001823A1,VIDEO NETWORK TESTER,2023-02-17,2023,Ticaret
ASELSAN,TR2022020252A1,UNDERGROUND AND IN-CAVE COMMUNICATION SYSTEM,2022-12-23,2022,Ticaret
ASELSAN,TR2023001556A1,SELF-ALIGNING AMMUNITION ASSEMBLY MECHANISM,2023-02-10,2023,Ticaret
ASELSAN,TR2022019948A2,LEAKAGE CURRENT REDUCTION METHOD IN FEED DEVICES,2022-12-21,2022,Anonim
ASELSAN,TR2022005883A1,A RAPID METHOD OF MEASURING SOUND SPEED IN CURABLE FLUID MATERIAL,2022-04-13,2022,Ticaret
ASELSAN,TR2023002068A1,AN OPTICAL DEVICE,2023-02-24,2023,Ticaret
ASELSAN,TR2022008855A1,SYSTEM THAT PROVIDES COORDINATION BETWEEN DIRECT DIGITAL SYNTHESIS (DDS) …,2022-05-30,2022,Ticaret
ASELSAN,TR2022011155U5,Backlash and wear compensating mechanism for ball screws,2022-07-06,2022,Ticaret
ASELSAN,TR2022020401A1,A System and Method for Building Cryptographic Algorithms,2022-12-26,2022,Ticaret
ASELSAN,TR2022021465A1,A DEEP LEARNING BASED NEURAL NETWORK ARCHITECTURE FOR IMAGE SEGMENTATION,2022-12-29,2022,Ticaret
ASELSAN,TR2021002142A1,A FIBER OPTICAL WINDING UNIT WITH REDUCED MECHANICAL STRESS AND ITS …,2021-02-16,2021,Anoni̇m
TUSAS,TR201710475A2,Düşürme testlerinde kullanıma uygun bir test zemini.,2017-07-17,2017,Anonim
TUSAS,TR201310355A2,Tek yaprak güneş paneli açılma düzeneği.,2013-09-03,2013,Anonim
TUSAS,TR202008028A2,Bir optimizasyon sistemi.,2020-05-22,2020,Anonim
TUSAS,TR202022599A1,Bir helikopter,2020-12-31,2020,Anonim
TUSAS,TR201913064A2,Bir döner atıcı mekanizma.,2019-08-28,2019,Anonim
TUSAS,TR201821033A2,Bir ölçüm düzeneği.,2018-12-28,2018,Anonim
TUSAS,TR202022489A2,Bir hava aracı.,2020-12-30,2020,Anonim
TUSAS,TR202013710A1,Bir Kompozit Parça Üretim Sistemi.,2020-08-31,2020,Anonim
TUSAS,TR2022014950A2,Bir kilit mekanizması.,2022-09-29,2022,Anonim
TUSAS,TR2022020012A1,Bir güç aktarım mekanizması.,2022-12-22,2022,Anonim
TUSAS,TR201913134A2,Bir eklemeli imalat tezgahı.,2019-08-29,2019,Anonim
TUSAS,TR201608894A3,Bir gerçek zamanlı çalışma yöntemi.,2016-06-27,2016,Anonim
TUSAS,TR202011716A1,Bir kontrol yüzeyi sistemi.,2020-07-23,2020,Anonim
TUSAS,TR201709721A2,Bir Aerodinamik Yük Test Sistemi,2017-07-03,2017,Anonim
TUSAS,TR201921508A2,Bir birleştirilmiş aviyonik sistem mimarisi.,2019-12-25,2019,Anonim
TUSAS,TR201809473A2,Bi̇r rotasyonel si̇metri̇k ve si̇metri̇k olmayan plasti̇k şeki̇llendi̇rme …,2018-07-03,2018,Anonim
TUSAS,TR201913059A2,Bir hava aracı.,2019-08-28,2019,Anonim
TUSAS,TR201913286A2,Bir eyleyici mekanizması.,2019-09-03,2019,Anonim
TUSAS,TR202010260A1,Bir navigasyon sistemi.,2020-06-30,2020,Anonim
TUSAS,TR202011047A2,Bir ölçüm sistemi.,2020-07-13,2020,Anonim
TUSAS,TR201710461A1,Bir rulman test aparatı.,2017-07-17,2017,Anonim
TUSAS,TR2022005071A2,Kablo kesici sistem.,2022-03-31,2022,Anonim
TUSAS,TR201821010A2,Bir ölçüm düzeneği.,2018-12-28,2018,Anonim
TUSAS,TR2023007258A1,Bir test düzeneği.,2023-06-20,2023,Anonim
TUSAS,TR201922038A2,Bir pedal ayar sistemi.,2019-12-27,2019,Anonim
TUSAS,TR201821041A2,Bir ölçüm düzeneği.,2018-12-28,2018,Anonim
TUSAS,TR2021015266A2,Bir mühimmat destek sistemi.,2021-09-30,2021,Anonim
TUSAS,TR202009516A1,Bir radar soğurucu yapı.,2020-06-19,2020,Anonim
TUSAS,TR2023019247A2,Bir Ekipman Sabitleyici.,2023-12-28,2023,Anonim
TUSAS,TR201821024A2,Bir ölçüm düzeneği.,2018-12-28,2018,Anonim
TUSAS,TR201821017A2,Bir ölçüm düzeneği.,2018-12-28,2018,Anonim
TUSAS,TR2023007508A1,Bir toz yataklı eklemeli imalat sistemi.,2023-06-23,2023,Anonim
TUSAS,TR201913130A2,Bir toz yataklı eklemeli imalat tezgahı.,2019-08-29,2019,Anonim
TUSAS,TR2023004193A1,Bir kapak hareket mekanizması.,2023-04-14,2023,Anonim
TUSAS,TR2023000765A2,Bir şekil verme tezgahı.,2023-01-23,2023,Anonim
TUSAS,TR202011008A1,Bir elektro kaplama sistemi.,2020-07-10,2020,Anonim
TUSAS,TR2022015043A1,Bir hibrit hava aracı.,2022-09-30,2022,Anonim
TUSAS,TR2022010860A1,Bir dalgakıran mekanizması.,2022-06-30,2022,Anonim
TUSAS,TR2022010859A2,Bir dalgakıran mekanizması.,2022-06-30,2022,Anonim
TUSAS,TR2022013606A1,Bir buz önleme sistemi.,2022-08-31,2022,Anonim
TUSAS,TR201710453A1,Hızlı serbest bırakma sistemi.,2017-07-17,2017,Anonim
TUSAS,TR2021021743A2,Bir fren sistemi.,2021-12-30,2021,Anonim
TUSAS,TR2021021202A1,Bir ısı kalkanı sistemi.,2021-12-27,2021,Anonim
TUSAS,TR2022008763A2,Bir kilit mekanizması.,2022-05-30,2022,Anonim
TUSAS,TR2021015322A1,Bir kilitleme mekanizması.,2021-09-30,2021,Anonim
TUSAS,TR202011726A1,Bir eyleyici mekanizması.,2020-07-23,2020,Anonim
TUSAS,TR202010329A1,Bir ölçüm düzeneği.,2020-06-30,2020,Anonim
TUSAS,TR202010324A1,Bir aviyonik ekran mimarisi.,2020-06-30,2020,Anonim
TUSAS,TR2021015265A1,Bir tahliye sistemi.,2021-09-30,2021,Anonim
TUSAS,TR2021010608A1,Bir kontrol düzeneği.,2021-06-29,2021,Anonim
TUSAS,TR202022410A1,Döner kanatlı hava aracı.,2020-12-30,2020,Anonim
TUSAS,TR202022267A1,Bir Toz Üretim Sistemi,2020-12-29,2020,Anonim
TUSAS,TR202022262A1,Metal Toz Geri Dönüşüm Sistemi,2020-12-29,2020,Anonim
TUSAS,TR202008311A1,Bir çevrim sayar mekanizması.,2020-05-29,2020,Anonim
TUSAS,TR200900498A2,Termal püskürtme ile üretilen kaplamalarda proses ve metalografik numune …,2009-01-23,2009,Sanayi̇i̇
TUSAS,TR201104420A1,Perçinleme işlemlerinde kullanılan bir tutucu mekanizması.,2011-05-06,2011,Sanayi̇
TUSAS,TR200910034A2,Yüzer tasarım kavramına uygun kargo-rayı bağlantısı.,2009-12-31,2009,Anoni̇m
TUSAS,TR200806755A2,Silindir somunlu kompozit kemik yapı,2008-09-08,2008,Sanayi̇i̇
TUSAS,TR200805363A2,Plazma kaplı direnç nokta kaynağı elektrotu.,2008-07-21,2008,Sanayi̇i̇
TUSAS,TR201106135U,İş parçası ile kalıp arasındaki sürtünmeyi azaltan bir metal şekillendirme …,2011-06-22,2011,İlhan
TUSAS,TR201002787A2,Yeni nesil metalografik parlatma süspansüyonu,2010-04-09,2010,Sanayi̇i̇
TUSAS,TR200702825A2,Su kalkanı,2007-04-27,2007,Anoni̇m
TUSAS,TR200806754A2,Gömme bloklu kompozit kemik yapı,2008-09-08,2008,Sanayi̇
TUSAS,TR201105976A1,Sac levhalar için vakumlu tutma kalıbı.,2011-06-17,2011,Sanayi̇i̇
TUSAS,TR2022020007A1,Bir güç aktarım sistemi.,2022-12-22,2022,Anoni̇m
TUSAS,TR2022018036U4,Bir kapak sistemi.,2022-11-28,2022,Anonim
TUSAS,TR2021015108U4,Sürükleme azaltıcı plaka içeren bir insansız hava aracı.,2021-09-28,2021,Anonim
TUSAS,TR2021015080U5,Bir akışkan valf sistemi.,2021-09-27,2021,Anonim
TUSAS,TR2021015111A1,Bir kol dayama düzeneği.,2021-09-28,2021,Anonim
TUSAS,TR2021015234A2,Bir ayar fletneri kontrolü.,2021-09-29,2021,Anonim
TUSAS,TR2021015233A1,Bir sabit kanat kontrol mekanizması.,2021-09-29,2021,Anonim
TUSAS,TR2024012368A2,Bir kelepçe,2024-09-17,2024,Anoni̇m
TUSAS,TR2024012366A1,Bir faydalı yük bırakma mekanizması.,2024-09-17,2024,Anoni̇m
TUSAS,TR2021015231A1,Bir kanat sistemi.,2021-09-29,2021,Anonim
TUSAS,TR2024008862A1,Bi̇r akti̇vasyon si̇stemi̇,2024-07-09,2024,Anonim
TUSAS,TR2021015302A1,Bir hizalama sistemi.,2021-09-30,2021,Anonim
TUSAS,TR201922491U4,Bir dönüştürücü mekanizma ve söz konusu dönüştürücü mekanizmayı içeren bir test …,2019-12-30,2019,Anonim
TUSAS,TR202009669A1,Gererek şekillendirme sistemi.,2020-06-22,2020,Anonim
TUSAS,TR2021018347A1,Bir koruyucu yapı.,2021-11-24,2021,Anonim
TUSAS,TR2021018679U4,Dişli kutuları için bir soğutma tertibatı.,2021-11-29,2021,Anonim
TUSAS,TR2021018823U4,Elektronik devreler ve/veya devre elemanları için bir hata önleme sistemi.,2021-11-30,2021,Anonim
TUSAS,TR2021019359A1,Bir akışkan tahliye sistemi.,2021-12-08,2021,Anonim
TUSAS,TR2021020778U5,Şekil hafızalı polimer köpük ve bunu içeren frekans seçici yüzey.,2021-12-23,2021,Anonim
TUSAS,TR201200104A2,Uçak motor blisk parçalarının pale uçlarının frezeleme veya taşlama işleminin …,2012-03-07,2012,Sanayi̇i̇
TUSAS,TR2021021402U4,Hava araçlarında yük taşımaya yönelik bir askı aparatı.,2021-12-28,2021,Anonim
TUSAS,TR201308531A2,Gaz türbinli motor.,2013-07-15,2013,Anonim
TUSAS,TR201308529A2,Bir kanatçık montajı.,2013-07-15,2013,Anonim
TUSAS,TR201604302A2,Bir çene takımı.,2016-04-04,2016,Anonim
TUSAS,TR201608868A3,Bir bileşik hava aracı.,2016-06-27,2016,Anonim
TUSAS,TR2021021536U4,Eğimli firar kenarı içeren bir kanatçık.,2021-12-29,2021,Anonim
TUSAS,TR2024008634A2,Bir soğutma sistemi.,2024-07-04,2024,Anonim
TUSAS,TR201612942U,Bir piston.,2016-09-09,2016,Anonim
TUSAS,TR2021021100A2,Bir kafes yapısı.,2021-12-27,2021,Anonim
TUSAS,TR2021021194A2,Bir üretim sistemi.,2021-12-27,2021,Anonim
TUSAS,TR201617245A2,Bir kalıp sistemi.,2016-11-25,2016,Anonim
TUSAS,TR201617511U,Bir kontrol sistemi.,2016-11-30,2016,Anonim
TUSAS,TR2021021414A2,Bir ayarlanabilir iniş takımı.,2021-12-28,2021,Anonim
TUSAS,TR2021021420A2,Bir ayarlanabilir ekipman montaj sistemi.,2021-12-28,2021,Anonim
TUSAS,TR2024008274A1,Bir ölçüm sistemi.,2024-06-28,2024,Anonim
TUSAS,TR2024008277A1,Bir hareket mekanizması.,2024-06-28,2024,Anonim
TUSAS,TR2022015045A2,Bir sınıflandırma sistemi.,2022-09-30,2022,Anonim
TUSAS,TR2024008342A1,Bir hareket mekanizması.,2024-06-28,2024,Anonim
TUSAS,TR2021021532U5,Bir parçacık katkılı prepreg işleme sistemi.,2021-12-29,2021,Anonim
TUSAS,TR2021021541A2,Bir yerleşim sistemi.,2021-12-29,2021,Anonim
TUSAS,TR2021021583A2,Bir taşıma sistemi.,2021-12-29,2021,Anonim
TUSAS,TR2023003522A1,Bir ayarlanabilir torklama sistemi.,2023-03-31,2023,Anonim
TUSAS,TR2023001934U4,Bir hava aracı gövdesi.,2023-02-21,2023,Anonim
TUSAS,TR2022021255A1,Bir karar destek sistemi.,2022-12-29,2022,Anonim
TUSAS,TR2024002182U4,Bir Yapısal Uydu Panel Sistemi.,2024-02-23,2024,Anonim
TUSAS,TR2022020015A1,Bir güç aktarım mekanizması.,2022-12-22,2022,Anonim
TUSAS,TR2024002341U4,Bir Helikopter Kanadı Hareket Sistemi.,2024-02-28,2024,Anonim
TUSAS,TR2024002595U4,Bir Ağırlık Merkezi Ölçüm Sistemi,2024-03-05,2024,Anonim
TUSAS,TR2022020019A1,Bir transmisyon sistemi.,2022-12-22,2022,Anonim
TUSAS,TR2023016069A2,Bir kesici mekanizma.,2023-11-29,2023,Anonim
TUSAS,TR2022019821A2,Bir üretim sistemi.,2022-12-20,2022,Anonim
TUSAS,TR2024002815U4,Bir Sökülebilir Zemin Sistemi,2024-03-08,2024,Anonim
TUSAS,TR2023016192A2,Bir gösterge sistemi.,2023-11-30,2023,Anonim
TUSAS,TR2022019433A1,Bir taşıma mekanizması.,2022-12-15,2022,Anonim
TUSAS,TR2022018726A1,Bir hava aracı.,2022-12-07,2022,Anonim
TUSAS,TR2022018366A2,Bir fırlatıcı mekanizması.,2022-12-01,2022,Anonim
TUSAS,TR2022017970A1,Bir somun plakası sistemi.,2022-11-28,2022,Anonim
TUSAS,TR2023007472U4,Kompozit malzemeler için bir kalıp.,2023-06-22,2023,Anonim
TUSAS,TR2023017906A2,Bir Yönlendirme Sistemi.,2023-12-21,2023,Anonim
TUSAS,TR2023018315A2,Bir Hava Tahliye Sistemi.,2023-12-25,2023,Anonim
TUSAS,TR2022020892U4,Bir zırhlı koltuk sistemi.,2022-12-28,2022,Anonim
TUSAS,TR2023018273A2,Bir Sökülebilir Rulman Tutucu.,2023-12-25,2023,Anonim
TUSAS,TR2022021024U4,Bir sandviç panel yapısı.,2022-12-28,2022,Anonim
TUSAS,TR2023018481A2,Bir Optimizasyon Yöntemi.,2023-12-26,2023,Anonim
TUSAS,TR2022020677U4,Bir hava aracı.,2022-12-27,2022,Anonim
TUSAS,TR2023018847A2,Bir Çekme Mekanizması.,2023-12-27,2023,Anonim
TUSAS,TR2023019103A1,Bir Hizalama Aparatı.,2023-12-28,2023,Anonim
TUSAS,TR2023019151A2,Bir Kilit Sistemi.,2023-12-28,2023,Anonim
TUSAS,TR2023019227A2,Bir Yakıt İletim Sistemi.,2023-12-28,2023,Anonim
TUSAS,TR2022019701U4,Bir hava aracı.,2022-12-19,2022,Anonim
TUSAS,TR2022019699U4,Bir hava aracı.,2022-12-19,2022,Anonim
TUSAS,TR2022019039U4,Bir radar soğurma sistemi.,2022-12-12,2022,Anonim
TUSAS,TR2022016193A1,Bir kontrol yüzeyi hareket mekanizması.,2022-10-25,2022,Anonim
TUSAS,TR2022018192U4,Bir hizalama aparatı.,2022-11-30,2022,Anonim
TUSAS,TR201710488A2,Hava aracı itki ölçen motor test düzeneği.,2017-07-17,2017,Anonim
TUSAS,TR2022017968U4,İletken macun uygulamaları için bir test cihazı.,2022-11-28,2022,Anonim
TUSAS,TR2024000268A2,Bir Hareket Aktarım Mekanizması.,2024-01-10,2024,Anonim
TUSAS,TR2022017773U4,Bir ultrasonik kaynak sistemi.,2022-11-24,2022,Anonim
TUSAS,TR2024005429U4,Bir Çentikli Pervane Bıçağı.,2024-05-06,2024,Anonim
TUSAS,TR2022015042A2,Bir emisyon tespit sistemi.,2022-09-30,2022,Anonim
TUSAS,TR2022015005A2,Bir sönümleyici.,2022-09-30,2022,Anonim
TUSAS,TR2023013404A2,Bir Test Aparatı.,2023-10-20,2023,Anonim
TUSAS,TR2022015031A2,Bir elektronik test sistemi.,2022-09-30,2022,Anonim
TUSAS,TR2024008227A1,Bir yüzey tamamlayıcı mekanizma.,2024-06-27,2024,Anonim
TUSAS,TR2024008318A1,Bir çekme mekanizması.,2024-06-28,2024,Anonim
TUSAS,TR2022016295U4,Mühimmatın atılması için bir atma sistemi içeren bir fırlatıcı.,2022-10-27,2022,Anonim
TUSAS,TR2022015889U4,Bir yağ dağıtım mekanizması içeren bir hava aracı.,2022-10-19,2022,Anonim
TUSAS,TR2022013684A2,Bir sandviç panel yapısı.,2022-09-01,2022,Anonim
TUSAS,TR201710480A2,Patent TR201710480A2,2017-07-17,2017,Anonim
TUSAS,TR2023008371U4,Bir doğrusal silah besleme sistemi.,2023-07-17,2023,Anonim
TUSAS,TR2022013302A2,Bir kapı kilit mekanizması.,2022-08-24,2022,Anonim
TUSAS,TR2022010885A2,Bir transmisyon askı mekanizması.,2022-06-30,2022,Anonim
TUSAS,TR2022010884A2,Bir hava aracı.,2022-06-30,2022,Anonim
TUSAS,TR201709727A2,Radyasyonla yayılan ısı miktarını test etmeye yönelik bir sistem.,2017-07-03,2017,Anonim
TUSAS,TR2022010785A2,Bir döner kanatlı hava aracı.,2022-06-29,2022,Anonim
TUSAS,TR201709716A2,Bir sıkıştırma aparatı.,2017-07-03,2017,Anonim
TUSAS,TR2024007014A1,Bir kilit sistemi.,2024-06-03,2024,Anonim
TUSAS,TR2022006452U5,Bir termoplastik kaynak sistemi,2022-04-21,2022,Anonim
TUSAS,TR201709220U5,Bi̇r gaz türbi̇ni̇ test düzeneği̇,2017-06-21,2017,Anonim
TUSAS,TR2024007203A1,Bir kalite takip sistemi.,2024-06-05,2024,Anonim
TUSAS,TR2022005068U5,Fonksiyonel fiber kaplama sistemi.,2022-03-31,2022,Anonim
TUSAS,TR2022005030A2,Bir taarruz uçağı.,2022-03-31,2022,Anonim
TUSAS,TR2022007157U4,Hava araçları için bir uçuş yönetim sistemi.,2022-04-29,2022,Anonim
TUSAS,TR2022004868U4,Bir yük atma sistemi.,2022-03-29,2022,Anonim
TUSAS,TR2021021505A2,Bir helikopter.,2021-12-29,2021,Anonim
TUSAS,TR2023011336U4,Bir test sistemi.,2023-09-13,2023,Anonim
TUSAS,TR2023007315A1,Bir mapa montaj düzeneği.,2023-06-20,2023,Anonim
TUSAS,TR2023009689U4,Motor besleme hatları için bir adaptör.,2023-08-11,2023,Anonim
TUSAS,TR2023009038U4,Bir Montaj Aparatı,2023-07-31,2023,Anonim
TUSAS,TR2023012466U4,Bir interaktif elektronik teknik yayın sistemi.,2023-10-04,2023,Anonim
TUSAS,TR2023012519A2,Bir elektronik mimari.,2023-10-05,2023,Anonim
TUSAS,TR2023008912U4,Bir simülatör platformu.,2023-07-27,2023,Anonim
TUSAS,TR2023013857U4,Bi̇r test si̇stemi̇,2023-10-27,2023,Anonim
TUSAS,TR2023013993A2,Bi̇r darbe sönümleyi̇ci̇ mekani̇zma,2023-10-30,2023,Anonim
TUSAS,TR2023014052U4,Bir Koruyucu Kapak,2023-10-31,2023,Anonim
TUSAS,TR2024000653U4,Bir Hareketli Kapak Sistemi,2024-01-19,2024,Anonim
TUSAS,TR2022013608A1,Bir hava aracı.,2022-08-31,2022,Anonim
TUSAS,TR2022017755A1,Bir hava aracı.,2022-11-23,2022,Anonim
TUSAS,TR2023015711U4,Bir Birleştirme Sistemi.,2023-11-24,2023,Anonim
TUSAS,TR2023007194A2,Bir hedef yakalama mekanizması.,2023-06-19,2023,Anonim
TUSAS,TR2023011025A1,Bir aktüatör konumlandırma mekanizması,2023-09-06,2023,Anonim
TUSAS,TR2023004187A1,Bir kanopi kilit mekanizması.,2023-04-14,2023,Anonim
TUSAS,TR2023004192A1,Bir kanopi hareket mekanizması.,2023-04-14,2023,Anonim
TUSAS,TR2023017565A1,Bir Yönlendirici Sistem.,2023-12-18,2023,Anoni̇m
TUSAS,TR2023005855U4,Bir delme plakası sabitleme sistemi.,2023-05-23,2023,Anonim
TUSAS,TR2023018321A1,Bir Koruyucu Mekanizma.,2023-12-25,2023,Anonim
TUSAS,TR2023005017U4,Bir yaylı çizme elemanı.,2023-05-05,2023,Anonim
TUSAS,TR2023004170U4,Bir kapak hareket mekanizması.,2023-04-14,2023,Anonim
TUSAS,TR2023012604A1,Bi̇r akti̇vasyon si̇stemi̇,2023-10-06,2023,Anonim
TUSAS,TR2023003468U4,Bir kurtarma vinci.,2023-03-30,2023,Anonim
TUSAS,TR2023003172U4,Bir kablo tutucu düzenek.,2023-03-23,2023,Anonim
TUSAS,TR2023003178U4,Hava araçları için bir taşıma ve bırakma mekanizması.,2023-03-23,2023,Anonim
TUSAS,TR2023003173U4,Bir kablo tutucu düzenek.,2023-03-23,2023,Anonim
TUSAS,TR2023000760A2,Bir kaplama sistemi.,2023-01-23,2023,Anonim
TUSAS,TR2023008610U4,İniş takımları için bir şok sönümleme sistemi.,2023-07-21,2023,Anonim
TUSAS,TR2023000770A2,Bir şekillendirme tezgahı.,2023-01-23,2023,Anonim
TUSAS,TR2023000762A2,Bir şekillendirme tezgahı.,2023-01-23,2023,Anonim
TUSAS,TR2023010873U4,Bir iniş takımı uyarı sistemi,2023-09-04,2023,Anonim
TUSAS,TR2023007404A1,Bir yük dengeleme mekanizması.,2023-06-22,2023,Anonim
TUSAS,TR2023007545A2,Bir kaplama sistemi.,2023-06-23,2023,Anonim
TUSAS,TR2023007465A1,Bir Kelepçe Düzeneği.,2023-06-22,2023,Anonim
TUSAS,TR2023007422A2,Bir iniş takımı mekanizması.,2023-06-22,2023,Anonim
TUSAS,TR2023007546A1,Bir Yakıt Depolama Sistemi.,2023-06-23,2023,Anonim
TUSAS,TR2023007469A1,Bir Hareket Mekanizması.,2023-06-22,2023,Anonim
TUSAS,TR2023007843A1,Bir faydalı yük taşıma sistemi,2023-07-05,2023,Anonim
TUSAS,TR2023007263A1,Bir kanopi kilit sistemi.,2023-06-20,2023,Anonim
TUSAS,TR2023007192A2,Bir hedef yakalama mekanizması.,2023-06-19,2023,Anonim
TUSAS,TR2023012385U4,Bir elektrik yükü aktarma sistemi.,2023-10-03,2023,Anonim
TUSAS,TR2023012445U4,Kontrol test sistemi.,2023-10-04,2023,Anonim
TUSAS,TR2023013330A2,Bir modüler mühimmat titreşim test düzeneği.,2023-10-19,2023,Anonim
TUSAS,TR2023008611U4,Bir kol dayama düzeneği.,2023-07-21,2023,Anonim
TUSAS,TR2023014432U4,Bi̇r eklemeli̇ i̇malat si̇stemi̇,2023-11-06,2023,Anonim
TUSAS,TR2023010034A1,Bir akışkan tahliye sistemi.,2023-08-18,2023,Anonim
TUSAS,TR2022020192U4,Bir plazma aktüatörü.,2022-12-23,2022,Anonim
TUSAS,TR2023014622U4,Bi̇r deli̇k hi̇zalama si̇stemi̇,2023-11-08,2023,Anonim
TUSAS,TR2023004368A1,Bir kapak hareket mekanizması.,2023-04-19,2023,Anonim
TUSAS,TR2023004357A2,Bir sinyal işleme sistemi.,2023-04-19,2023,Anoni̇m
TUSAS,TR2023004370A1,Bir kanopi hareket mekanizması.,2023-04-19,2023,Anonim
TUSAS,TR2023010846A1,Bir bağlantı sistemi,2023-09-04,2023,Anonim
TUSAS,TR2023017177U4,Bi̇r hammade üreti̇m si̇stemi̇.,2023-12-13,2023,Anonim
TUSAS,TR2023011548U5,Kablo yönlendirici sistem.,2023-09-18,2023,Anonim
TUSAS,TR2023007126U4,Bir test ünitesi.,2023-06-16,2023,Anonim
TUSAS,TR2024004927U4,Kanatlar İçin Bir Bağlantı Sistemi,2024-04-25,2024,Anonim
TUSAS,TR2021014990U4,Hava araçları için ayarlanabilir bir iniş takımı.,2021-09-24,2021,Anonim
TUSAS,TR2021014842U4,Hava araçları için bir kamera sabitleme aparatı.,2021-09-22,2021,Anonim
TUSAS,TR2023003384A1,Bir döner kanatlı hava aracı.,2023-03-28,2023,Anonim
TUSAS,TR2023006005U4,Bir kalibrasyon aparatı.,2023-05-25,2023,Anonim
TUSAS,TR2023018333U4,Bir Toz Yataklı Eklemeli İmalat Sistemi.,2023-12-25,2023,Anonim
TUSAS,TR2023004993U4,Hava araçları için bir darbe sönümleme sistemi.,2023-05-05,2023,Anonim
TUSAS,TR2023018292U4,Bir Çarpışma Engelleme Sistemi.,2023-12-25,2023,Anonim
TUSAS,TR2023018694U4,Bir Radom.,2023-12-27,2023,Anonim
TUSAS,TR2023013009A2,Bir elektromekanik opaklık ayar sistemi.,2023-10-13,2023,Anonim
TUSAS,TR2023003249U4,Yakıt akış hızı düşürücü aparat.,2023-03-24,2023,Anonim
TUSAS,TR2023013296A2,Bir fonksiyonel taşıyıcı.,2023-10-18,2023,Anonim
TUSAS,TR2024000592U4,Hava Akış Testleri İçin Bir Alt Sistem Hava Alığı.,2024-01-18,2024,Anonim
TUSAS,TR2023013326A2,Bir faydalı yük aktarma sistemi.,2023-10-19,2023,Anonim
TUSAS,TR2023003175U4,Bir kablo tutucu düzenek.,2023-03-23,2023,Anonim
TUSAS,TR2023011112U4,Kaçak benzetim sistemi.,2023-09-07,2023,Anonim
TUSAS,TR2023013322A2,Bir mühimmat aktarım sistemi.,2023-10-19,2023,Anonim
TUSAS,TR2023000772A2,Bir kompozit üretim sistemi.,2023-01-23,2023,Anonim
TUSAS,TR2023000610A1,Bir kanopi mekanizması.,2023-01-18,2023,Anonim
TUSAS,TR2023000437A2,Bir kapı kilit mekanizması,2023-01-13,2023,Anonim
TUSAS,TR2023000438A2,Bir kapı kilit mekanizması.,2023-01-13,2023,Anonim
TUSAS,TR2023000436A1,Bi̇r kapi ki̇li̇t mekani̇zmasi,2023-01-13,2023,Anonim
TUSAS,TR2022020188U4,Bir kompozit yapı kaplama sistemi.,2022-12-23,2022,Anonim
TUSAS,TR2023014511A2,Elektroni̇k üni̇te soğutma modülü,2023-11-07,2023,Anonim
TUSAS,TR2024001693U4,Bir Akıllı Ekran Sistemi,2024-02-13,2024,Anonim
TUSAS,TR2022021130A2,Bir kolçak sistemi.,2022-12-29,2022,Anonim
TUSAS,TR2022021311A2,Bir Üretim Sistemi.,2022-12-29,2022,Anonim
TUSAS,TR2022021081A2,Bir test konfigürasyonu türetme sistemi.,2022-12-28,2022,Anonim
TUSAS,TR2022020679A1,Bir sabitleyici.,2022-12-27,2022,Anonim
TUSAS,TR2024002380A2,Bir Yapısal Sağlık Takip Sensörlü Kompozit Yapı,2024-02-28,2024,Anonim
TUSAS,TR2023015864A2,Bir İletişim Cihazı.,2023-11-27,2023,Anonim
TUSAS,TR2023006830U4,İniş takımları için bir çarpışma kutusu.,2023-06-12,2023,Anonim
TUSAS,TR2022019965A1,Bir mühimmat muhafaza elemanı.,2022-12-21,2022,Anonim
TUSAS,TR2022019827U5,Hava araçları için bir kalibrasyon sistemi.,2022-12-20,2022,Anoni̇m
TUSAS,TR2023016000A1,Bir pilot basamağı mekanizması.,2023-11-29,2023,Anonim
TUSAS,TR2024003173A1,Bir Aerodinamik Iraksatıcı,2024-03-15,2024,Tekni̇k
TUSAS,TR2022019059A1,Bir görüntüleme sistemi.,2022-12-12,2022,Anonim
TUSAS,TR2024006590U4,Bir tork adaptörü.,2024-05-27,2024,Anonim
TUSAS,TR2022015020A2,Bir vibroakustik yapı sistemi,2022-09-30,2022,Anonim
TUSAS,TR2022015010A1,Bir hareket sistemi.,2022-09-30,2022,Anonim
TUSAS,TR2024005798U4,Bir Yük Atma Sistemi.,2024-05-13,2024,Anonim
TUSAS,TR2024000594A2,Bir Kesici Mekanizması.,2024-01-18,2024,Anonim
TUSAS,TR2022017518U4,Bir raf sistemi.,2022-11-21,2022,Anonim
TUSAS,TR2024000365A2,Bir Eklemeli İmalat Sistemi,2024-01-12,2024,Anonim
TUSAS,TR2024004956U4,Perçin Tabancası İçin Bir Kontrol Sistemi,2024-04-25,2024,Anonim
TUSAS,TR201913054A2,Bir aviyonik bilgisayar mimarisi.,2019-08-28,2019,Anonim
TUSAS,TR2024000100A2,Bir Bilgisayar Destekli Bağlayıcı Yerleştirme Sistemi.,2024-01-05,2024,Anonim
TUSAS,TR2022018180U4,Döner mekanizmalı bir namlu sistemi.,2022-11-30,2022,Anonim
TUSAS,TR2023019377A2,Bir Kanopi Hizalama Mekanizması.,2023-12-29,2023,Anonim
TUSAS,TR2023019488A2,Bir kanopi hareket sistemi.,2023-12-29,2023,Anonim
TUSAS,TR2022019687U4,Bir kanopi açma-kapama sistemi.,2022-12-19,2022,Anonim
TUSAS,TR2023019078A2,Bir Helikopter.,2023-12-28,2023,Anonim
TUSAS,TR2023019082A1,Bir Kanat Bağlantı Yapısı.,2023-12-28,2023,Anonim
TUSAS,TR2022018780A1,Bir bağlayıcı mekanizması.,2022-12-07,2022,Anonim
TUSAS,TR2023013660U5,Bir kompozit yapı.,2023-10-24,2023,Anonim
TUSAS,TR2023007522A2,Bir test düzeneği.,2023-06-23,2023,Anonim
TUSAS,TR2023018475A2,Bir Hava Aracı.,2023-12-26,2023,Anonim
TUSAS,TR2023018479A2,Bir Aviyonik Mimari.,2023-12-26,2023,Anonim
TUSAS,TR2023018279A2,Bir Akışkan İletim Mekanizması.,2023-12-25,2023,Anonim
TUSAS,TR2022021309A1,Bir Koruyucu Mekanizma.,2022-12-29,2022,Anoni̇m
TUSAS,TR2022017349A2,Bir topoloji optimizasyon sistemi.,2022-11-16,2022,Anonim
TUSAS,TR2022017467A2,Bir delik delme sistemi.,2022-11-18,2022,Anonim
TUSAS,TR2023017517A2,Bir Kaynak Tezgâhı.,2023-12-18,2023,Anonim
TUSAS,TR2024003926U4,Bir Yüksek Gerilim Test Düzeneği,2024-03-29,2024,Anonim
TUSAS,TR2022018141A2,Bir kolçak hareket mekanizması.,2022-11-29,2022,Anonim
TUSAS,TR2022018144A2,Bir kolçak kilit sistemi.,2022-11-29,2022,Anonim
TUSAS,TR2022018292A1,Bir sabitleme sistemi.,2022-11-30,2022,Anonim
TUSAS,TR2022018277A1,Bir helikopter kuyruk katlama sistemi.,2022-11-30,2022,Anonim
TUSAS,TR2022018286A1,Bir helikopter kuyruk katlama mekanizması.,2022-11-30,2022,Anonim
TUSAS,TR2022018273A1,Bir kuyruk katlama mekanizması.,2022-11-30,2022,Anonim
TUSAS,TR2023017398A2,Bir Veri Ağı Mimarisi.,2023-12-15,2023,Anonim
TUSAS,TR2024003340U4,Bir Koltuk Sönümleme Sistemi,2024-03-19,2024,Anonim
TUSAS,TR2022019922U4,Bir hareket sistemi.,2022-12-21,2022,Anonim
TUSAS,TR2024008305A2,Bir tahliye hattı aparatı.,2024-06-28,2024,Anonim
TUSAS,TR2021021073U5,Hava araçları için bir katadioptrik lens sistemi.,2021-12-27,2021,Anonim
TUSAS,TR2024008223U4,Yıpranma oranı yüksek çalışan tahminleme sistemi.,2024-06-27,2024,Anonim
TUSAS,TR2022014955A1,Bir enerji sönümleme sistemi.,2022-09-29,2022,Anonim
TUSAS,TR2022014919A2,Bir soğutma sistemi.,2022-09-29,2022,Anonim
TUSAS,TR2022014838A1,Bir test düzeneği.,2022-09-27,2022,Anoni̇m
TUSAS,TR2022014828A2,Bir test düzeneği.,2022-09-27,2022,Anonim
TUSAS,TR2024008345U4,Hibrit enerji üretim modülü.,2024-06-28,2024,Anonim
TUSAS,TR2022015917U4,Simülatör sistemleri için bir kol dayama mekanizması.,2022-10-19,2022,Anonim
TUSAS,TR2024004941A1,Bir Mekanik Karıştırıcı Ünitesi,2024-04-25,2024,Anonim
TUSAS,TR2024012490U4,Hava aracı çekme aparatı.,2024-09-19,2024,Anonim
TUSAS,TR202005818U4,Bir ardıl işlem sistemi.,2020-04-13,2020,Anonim
TUSAS,TR2022013585A1,Bir termal koruma sistemi.,2022-08-31,2022,Anonim
TUSAS,TR2022013588A1,Bir termal koruma sistemi.,2022-08-31,2022,Anonim
TUSAS,TR202005746U4,"Bir buzlanma koruma sistemi,",2020-04-10,2020,Anonim
TUSAS,TR2022010878A2,Bir taşıma sistemi.,2022-06-30,2022,Anonim
TUSAS,TR2024005921A1,Bir Kanat Ayar Mekanizması,2024-05-15,2024,Anonim
TUSAS,TR2022010780A2,Bir fiber-metal lamine üretim metodu.,2022-06-29,2022,Anonim
TUSAS,TR2021010443A1,Bir hareket aktarım sistemi.,2021-06-25,2021,Anonim
TUSAS,TR2022010058A2,Bir yorulma tabanlı topoloji optimizasyon sistemi.,2022-06-16,2022,Anonim
TUSAS,TR2022008694A2,Bir optimizasyon yöntemi.,2022-05-27,2022,Anonim
TUSAS,TR2022010853U4,Kafes yapıların boyut optimizasyonu için bir üretim sistemi.,2022-06-30,2022,Anonim
TUSAS,TR2022010867U4,Açıları ayarlanabilir bir karşı tedbir atma sistemi.,2022-06-30,2022,Anonim
TUSAS,TR2022007152A2,Bir şekillendirme sistemi.,2022-04-29,2022,Anonim
TUSAS,TR2022008925U4,Hava araçları için bir raf sistemi.,2022-05-31,2022,Anonim
TUSAS,TR2022008609U4,Bir roketatar egzoz sistemi.,2022-05-26,2022,Anonim
TUSAS,TR2022006450A2,Bir aviyonik bilgisayar mimarisi,2022-04-21,2022,Anonim
TUSAS,TR201922022U4,Bir reçine transfer kalıbı.,2019-12-27,2019,Anonim
TUSAS,TR2024007362A1,Bir kanat yapısı.,2024-06-07,2024,Anonim
TUSAS,TR2022005057A2,Bir fırlatma mekanizması.,2022-03-31,2022,Anonim
TUSAS,TR2022004992A2,Bir telsiz susturma kontrol sistemi.,2022-03-31,2022,Anonim
TUSAS,TR2024008027A2,Bir hareketlendirme sistemi.,2024-06-25,2024,Anonim
TUSAS,TR2024008158A2,Bir kontrol devresi.,2024-06-27,2024,Anonim
TUSAS,TR2022005009U4,Düşük radar görünürlüğe sahip bir hava aracı.,2022-03-31,2022,Anonim
TUSAS,TR2024008197A1,Bir teker ayar sistemi.,2024-06-27,2024,Anonim
TUSAS,TR2022002599U5,Elektromanyetik etkiler altında hibrit nanomalzeme üretim sistemi.,2022-02-24,2022,Anonim
TUSAS,TR2024008229A1,Bir arıza tespit düzeneği.,2024-06-27,2024,Anonim
TUSAS,TR2024008245A1,Bir kanat hareketlendirme mekanizması.,2024-06-27,2024,Anonim
TUSAS,TR2024008232A1,Bir bağlantı düzeneği.,2024-06-27,2024,Anonim
TUSAS,TR2024008213A1,Bir elektrik kutusu erişim sistemi.,2024-06-27,2024,Anonim
TUSAS,TR2021021593A2,Bir ağırlık merkezi ayarlama sistemi.,2021-12-29,2021,Anonim
TUSAS,TR201920971U5,Elektrik ateşlemeli silah sistemleri için bir test mühimmatı.,2019-12-20,2019,Anonim
TUSAS,TR2022015038A2,Bir hava aracı.,2022-09-30,2022,Anonim
TUSAS,TR201920820A2,Bir kompozit parça üretim sistemi.,2019-12-19,2019,Anonim
TUSAS,TR201919313U5,Isıl işlem tertibatlı bir eklemeli imalat sistemi.,2019-12-05,2019,Anonim
TUSAS,TR201918936U5,Hava araçları için bir kavite.,2019-12-02,2019,Anonim
TUSAS,TR2021021055U5,Yüksek elektriksel iletkenliğe sahip nanoparçacık katkılı kompozit üretim …,2021-12-27,2021,Anonim
TUSAS,TR201913207A2,Bir yük taşıma sistemi.,2019-09-02,2019,Anonim
TUSAS,TR2021021510U4,Hava araçlarındaki farklı modüllerin test edilmesi için bir test tertibatı.,2021-12-29,2021,Anonim
TUSAS,TR2021005988A2,Bir hava aracı.,2021-04-02,2021,Anonim
TUSAS,TR201913132A2,Bir eklemeli imalat cihazı.,2019-08-29,2019,Anonim
TUSAS,TR2024011002A1,Bir simülasyon sistemi.,2024-08-20,2024,Anonim
TUSAS,TR2021018812A2,Bir ayarlanabilir kontrol mekanizması.,2021-11-30,2021,Anonim
TUSAS,TR201913068A2,Bir hareketlendirici sistem.,2019-08-28,2019,Anonim
TUSAS,TR201913066A2,Bir makine test düzeneği.,2019-08-28,2019,Anonim
TUSAS,TR201913047A2,Bir elyaf serme ve/veya yerleştirme cihazı.,2019-08-28,2019,Anonim
TUSAS,TR2021018330A1,Bir iletim sistemi.,2021-11-23,2021,Anonim
TUSAS,TR2021018065A1,Bir kuvvet ölçüm sistemi.,2021-11-19,2021,Anonim
TUSAS,TR2021017831A2,Bir yönlendirme sistemi.,2021-11-16,2021,Anonim
TUSAS,TR2021016790A1,Bir sabitleme aparatı.,2021-10-27,2021,Anonim
TUSAS,TR2021016229A2,Bir toz üretim sistemi.,2021-10-19,2021,Anonim
TUSAS,TR2021015329A2,Bir toz kaplama sistemi.,2021-09-30,2021,Anonim
TUSAS,TR201910539A2,Bi̇r pale sabi̇tleme parçasi,2019-07-16,2019,Anonim
TUSAS,TR201908960A2,Kanat hareket mekani̇zmasi,2019-06-17,2019,Anonim
TUSAS,TR202022216A2,Bir Tamir Sistemi.,2020-12-29,2020,Anonim
TUSAS,TR202022444A1,Bir sönümleyici,2020-12-30,2020,Anonim
TUSAS,TR2022015033A1,Bir zırh sistemi.,2022-09-30,2022,Anonim
TUSAS,TR202022367A2,Bir Kaynak Sistemi.,2020-12-30,2020,Anonim
TUSAS,TR202022407A1,Bir kavite.,2020-12-30,2020,Anonim
TUSAS,TR202022605A1,Bir Egzoz Sistemi.,2020-12-31,2020,Anonim
TUSAS,TR202101138A2,Bi̇r seri̇ paralel hi̇bri̇t motor si̇stemi̇,2021-01-26,2021,A
TUSAS,TR2021002208A2,Bir üretim sistemi.,2021-02-17,2021,Anonim
TUSAS,TR202021780A1,Bir soğurucu yapı,2020-12-25,2020,Anonim
TUSAS,TR202022425A2,Bir Taarruz Helikopteri.,2020-12-30,2020,Anonim
TUSAS,TR2021005305A2,Bir üretim sistemi.,2021-03-24,2021,Anonim
TUSAS,TR2021005596U4,Genişleyebilir sıkıştırma mekanizmalı bir pim tertibatı.,2021-03-29,2021,Anonim
TUSAS,TR2021003400A1,Bir topoloji optimizasyon sistemi.,2021-02-26,2021,Anonim
TUSAS,TR2021005936A1,Bir filo yönetim sistemi,2021-04-02,2021,Anonim
TUSAS,TR2021010344U4,Hava araçları için bir bağlantı sistemi.,2021-06-24,2021,Anonim
TUSAS,TR2021010420A1,Bir hata önleme sistemi.,2021-06-25,2021,Anonim
TUSAS,TR201710471A2,Bir Hava Aracı Drenaj Test Aparatı,2017-07-17,2017,Anonim
TUSAS,TR2024008788A1,Bir açı ayar mekanizması.,2024-07-08,2024,Anonim
TUSAS,TR2024007098A1,Bir kontrol yönetimi sistemi.,2024-06-04,2024,Anonim
TUSAS,TR2021010696A2,Bir termal kontrol sistemi.,2021-06-30,2021,Anonim
TUSAS,TR2021010692A2,Bir egzoz montaj düzeneği.,2021-06-30,2021,Anonim
TUSAS,TR2021011112U4,Hava araçları için bir kompozit yapısal parça.,2021-07-07,2021,Anonim
TUSAS,TR2021010517A2,Bir hava aracı.,2021-06-28,2021,Anonim
TUSAS,TR2021010702A2,Bir destek sistemi.,2021-06-30,2021,Anonim
TUSAS,TR2021012137A2,Bir kompozit üretim sistemi.,2021-07-30,2021,Anonim
TUSAS,TR202112286A2,Jet kilavuzlu lazer i̇şleme ci̇hazlari i̇çi̇n gerçek zamanli bi̇r raman boyu …,2021-08-03,2021,A
TUSAS,TR2021014393A2,Jet kilavuzlu lazer i̇şleme ci̇hazlari i̇çi̇n gerçek,2021-09-14,2021,A
TUSAS,TR2021014430A1,Bir aviyonik bilgisayar mimarisi.,2021-09-15,2021,Anonim
TUSAS,TR2021015023U4,Bir ayarlanabilir kelepçe.,2021-09-27,2021,Anonim
TUSAS,TR201922399A1,Bir işleme takımı ömür tespit sistemi.,2019-12-30,2019,Anonim
TUSAS,TR2021015189U4,Bir iniş takımı koruyucusu.,2021-09-29,2021,Anonim
TUSAS,TR2025002694U5,Bir tetikleme mekanizması.,2025-03-05,2025,Anonim
TUSAS,TR2024021427U5,Bir nozül içeren bir eklemeli imalat tezgahı.,2024-12-30,2024,Anonim
TUSAS,TR201710483A2,Bir test sistemi.,2017-07-17,2017,Anonim
TUSAS,TR2021015227A2,Bir v-kuyruk hareket mekanizması.,2021-09-29,2021,Anonim
TUSAS,TR2021005071U4,Hava araçları için bir ekran veya tablet bağlantı aparatı,2021-03-19,2021,Anonim
TUSAS,TR202011405A1,Bir levha şekillendirme sistemi.,2020-07-17,2020,Anonim
TUSAS,TR201922452A2,Bir ön şekil verme cihazı.,2019-12-30,2019,Anonim
TUSAS,TR202019027A2,Bi̇r türbi̇n kilif sabi̇tleme si̇stemi̇,2020-11-25,2020,A
TUSAS,TR202018643U5,Bir yangın battaniyesi üretim sistemi.,2020-11-20,2020,Anonim
TUSAS,TR2023000433A1,Bir kapı kilit mekanizması.,2023-01-13,2023,Anonim
TUSAS,TR201710452U5,İrtifa göstergeleri için bir kontrol ve kalibrasyon sistemi.,2017-07-17,2017,Anonim
TUSAS,TR201913070A2,Bir hava aracı.,2019-08-28,2019,Anonim
TUSAS,TR201709920A2,Dönüş kanali montaj bağlantisi,2017-07-05,2017,Anonim
TUSAS,TR201709723U5,Parça konumlandırılmasında kullanılan bir ara parça.,2017-07-03,2017,Anonim
TUSAS,TR201913072A2,Bir rüzgârlık.,2019-08-28,2019,Anonim
TUSAS,TR201517330A2,Bir yağ akışı yönlendirme sistemi.,2016-12-29,2016,Anonim
TUSAS,TR201913058A2,Bir pedal ayar sistemi.,2019-08-28,2019,Anonim
TUSAS,TR201617505A2,Bir gölge analiz yöntemi.,2016-11-30,2016,Anonim
TUSAS,TR202014969A2,Bi̇r rulman çekti̇rme si̇stemi̇ ve yöntemi̇,2020-09-21,2020,A
TUSAS,TR202022063A1,Bir uydu sistemi.,2020-12-28,2020,Anonim
TUSAS,TR202013708A1,Isıl şekillendirme sistemi.,2020-08-31,2020,Anonim
TUSAS,TR202011909A2,Somun kilitleme mekanizması,2020-07-27,2020,A
TUSAS,TR202011897A1,Bi̇r şaft bağlanti parçasi,2020-07-27,2020,A
TUSAS,TR202011723A1,Bir eyleyici mekanizması.,2020-07-23,2020,Anonim
TUSAS,TR202011900A1,Sizdirmaz somun ki̇li̇tleme mekani̇zmasi,2020-07-27,2020,A
TUSAS,TR202011722A1,Bir gergi düzeneği.,2020-07-23,2020,Anonim
TUSAS,TR202011718A1,Bir kontrol yüzeyi sistemi.,2020-07-23,2020,Anonim
TUSAS,TR2023003466A1,Bir sedye düzeneği.,2023-03-30,2023,Anonim
TUSAS,TR202010906A1,Bir test kontrol sistemi.,2020-07-09,2020,Anonim
TUSAS,TR202011720A1,Bir hareket ettirme mekanizması.,2020-07-23,2020,Anonim
TUSAS,TR202010266U5,Bir test sistemi.,2020-06-30,2020,Anonim
TUSAS,TR202010259A1,Bir hava veri bilgisayarı.,2020-06-30,2020,Anonim
TUSAS,TR202010092U4,Bir iş mili test sistemi.,2020-06-26,2020,Anonim
TUSAS,TR202019524U4,Bir radar soğurucu malzeme.,2020-12-02,2020,Anonim
TUSAS,TR202010095U4,Bir iş mili test sistemi.,2020-06-26,2020,Anonim
TUSAS,TR202015191A2,Kuru sürtünmeli̇ sönümleyi̇ci̇,2020-09-24,2020,A
TUSAS,TR202010823A1,Bir kompozit serim kalıbı üretim sistemi.,2020-07-08,2020,Anonim
TUSAS,TR202006756U5,Bir eklemeli imalat sistemi.,2020-04-30,2020,Anonim
TUSAS,TR202008319A1,Bir zırh sistemi.,2020-05-29,2020,Anonim
TUSAS,TR202008015A1,İş parçası şekillendirme sistemi.,2020-05-22,2020,Anonim
TUSAS,TR202006633U5,Bir taşınabilir test cihazı.,2020-04-28,2020,Anonim
TUSAS,TR202002693U5,Bir eklemeli imalat sistemi.,2020-02-21,2020,Anonim
TUSAS,TR202001396A2,Bir parça değerlendirme yöntemi.,2020-01-30,2020,Anonim
TUSAS,TR201922530A2,Bir kompozit serim sistemi.,2019-12-30,2019,Anonim
TUSAS,TR2022010876A2,Bir kalınlık ölçü sistemi.,2022-06-30,2022,Anonim
TUSAS,TR201010662A2,Tel erozyon prosesi için bir fikstür ve parça işleme metodu.,2010-12-21,2010,Sanayi̇i̇
TUSAS,TR201102636A2,Bilyalı dövme işlemi uygulanmış uzay ve havacılık parçalarında bilyalı dövme …,2011-03-21,2011,Sanayi̇i̇
TUSAS,TR201007070A2,Ki̇myasal aşindirma prosesi̇ i̇çi̇n bi̇r fi̇kstür,2010-08-25,2010,Sanayi̇i̇
TUSAS,TR201210034A2,Gaz türbinli motorlarda ısıl genleşme dengeleyici.,2012-09-03,2012,Anonim
TUSAS,TR201609032U,Bir taşıma ve tahliye sistemi.,2016-06-28,2016,Anonim
TUSAS,TR201918939U5,Hava araçları için bir kavite.,2019-12-02,2019,Anonim
TUSAS,TR201612938A2,Bir faydalı yük taşıma sistemi.,2016-09-09,2016,Anonim
TUSAS,TR201918973U5,Bir eklemeli imalat sistemi.,2019-12-02,2019,Anonim
TUSAS,TR201918948A2,Hava araçları için bir test sistemi.,2019-12-02,2019,Anonim
TUSAS,TR201918945U4,Basınç uygulamalı bir eklemeli imalat sistemi.,2019-12-02,2019,Anonim
TUSAS,TR201617225A2,Bir kalıp sistemi.,2016-11-25,2016,Anonim
TUSAS,TR201913140A1,Bir yük sabitleme sistemi.,2019-08-29,2019,Anonim
